3601,u19,D21,1636084277
3602,u88,D32,1636084291
3603,u20,D27,1636084303
3604,u90,DD8,1636084310
3605,u31,D23,1636084312
3606,u60,D21,1636084323
3607,u53,DD1,1636084342
3608,u85,D10,1636084352
3609,u76,D10,1636084353
3610,u43,D32,1636084369
3611,u59,DD6,1636084376
3612,u77,D21,1636084403
3613,uu8,D16,1636084411
3614,u10,DD4,1636084423
3615,u62,D26,1636084441
3616,uu6,D21,1636084453
3617,u49,DD6,1636084473
3618,u22,D28,1636084475
3619,u21,DD3,1636084483
3620,u81,D22,1636084486
3621,u39,D21,1636084515
3622,u29,D19,1636084534
3623,uu3,D34,1636084541
3624,uu2,D15,1636084544
3625,u33,D21,1636084570
3626,u88,D11,1636084593
3627,u94,D13,1636084614
3628,u86,D21,1636084639
3629,u81,DD9,1636084657
3630,u92,D13,1636084675
3631,u66,D31,1636084679
3632,u54,D13,1636084703
3633,u61,D13,1636084726
3634,u43,D25,1636084734
3635,u61,DD2,1636084755
3636,u14,D25,1636084757
3637,u43,D30,1636084784
3638,uu5,D13,1636084798
3639,u58,D20,1636084800
3640,u59,D12,1636084816
3641,u14,D28,1636084840
3642,u34,D20,1636084862
3643,u44,DD6,1636084865
3644,u17,D14,1636084881
3645,u32,D33,1636084910
3646,u42,D15,1636084922
3647,u77,D27,1636084937
3648,u86,DD2,1636084949
3649,uu7,D26,1636084952
3650,u76,DD5,1636084961
3651,u48,D17,1636084972
3652,u74,D32,1636084980
3653,u71,DD5,1636084982
3654,u92,D22,1636084994
3655,u45,D28,1636085016
3656,u10,D14,1636085027
3657,u60,D18,1636085054
3658,u81,D23,1636085064
3659,u99,D20,1636085080
3660,u65,D25,1636085089
3661,u35,D28,1636085114
3662,u33,D18,1636085130
3663,u16,D24,1636085131
3664,uu1,DD9,1636085139
3665,u45,D15,1636085154
3666,uu2,DD1,1636085161
3667,u70,DD1,1636085183
3668,u79,D29,1636085186
3669,u23,DD3,1636085210
3670,u90,D27,1636085226
3671,u39,D34,1636085241
3672,u38,D33,1636085267
3673,u40,D22,1636085278
3674,u91,D24,1636085300
3675,u94,D23,1636085315
3676,u66,D25,1636085343
3677,u11,DD4,1636085361
3678,u97,D19,1636085362
3679,u46,D23,1636085387
3680,u27,DD3,1636085411
3681,u40,DD8,1636085430
3682,u69,D10,1636085431
3683,u72,DD8,1636085454
3684,u53,D20,1636085483
3685,u40,DD1,1636085495
3686,u68,D18,1636085520
3687,u86,D16,1636085543
3688,u12,D23,1636085566
3689,u27,D29,1636085585
3690,u93,D31,1636085603
3691,u18,D21,1636085610
3692,u33,DD8,1636085626
3693,u79,D26,1636085648
3694,u84,D24,1636085649
3695,u61,D22,1636085668
3696,u64,D15,1636085683
3697,uu2,DD9,1636085698
3698,u97,D21,1636085703
3699,u91,D33,1636085704
3700,u36,DD2,1636085714
3701,u79,D16,1636085740
3702,u84,DD9,1636085745
3703,u74,DD2,1636085765
3704,u44,D27,1636085775
3705,u24,D24,1636085803
3706,u28,D34,1636085829
3707,u70,D16,1636085831
3708,u27,D20,1636085842
3709,u15,DD2,1636085849
3710,u62,D22,1636085876
3711,u26,DD9,1636085885
3712,u47,D10,1636085910
3713,u57,D29,1636085920
3714,u54,DD6,1636085922
3715,u90,D21,1636085930
3716,u23,D15,1636085942
3717,u63,D11,1636085958
3718,u11,DD3,1636085975
3719,u57,D24,1636085977
3720,u44,DD8,1636085997
3721,u56,D33,1636086009
3722,u71,D18,1636086020
3723,u28,D33,1636086045
3724,u46,DD7,1636086051
3725,u86,D31,1636086075
3726,u79,DD1,1636086099
3727,u31,DD3,1636086113
3728,u53,D10,1636086127
3729,u87,D24,1636086133
3730,u21,D34,1636086138
3731,u38,D17,1636086159
3732,u66,DD7,1636086174
3733,u91,D24,1636086203
3734,uu6,D13,1636086209
3735,u34,D13,1636086237
3736,u37,D20,1636086241
3737,u89,D24,1636086256
3738,uu1,D25,1636086261
3739,u97,D18,1636086263
3740,u16,DD5,1636086290
3741,u71,D13,1636086314
3742,u24,D26,1636086317
3743,uu6,D27,1636086342
3744,u81,D22,1636086359
3745,u13,D12,1636086362
3746,u83,D10,1636086375
3747,u88,D29,1636086403
3748,u82,DD8,1636086407
3749,u63,D29,1636086430
3750,u55,D11,1636086451
3751,u70,DD7,1636086478
3752,u63,D11,1636086479
3753,u22,DD1,1636086485
3754,u93,D29,1636086497
3755,u76,D13,1636086521
3756,u84,DD2,1636086537
3757,u88,D25,1636086563
3758,u15,D23,1636086580
3759,u59,DD4,1636086595
3760,u17,DD2,1636086623
3761,u43,DD3,1636086628
3762,u51,DD6,1636086657
3763,u18,D20,1636086666
3764,u89,DD1,1636086667
3765,u27,D18,1636086673
3766,u50,D17,1636086687
3767,u91,D19,1636086715
3768,u56,D31,1636086722
3769,u48,D34,1636086736
3770,u44,D10,1636086765
3771,uu3,DD8,1636086787
3772,u19,D12,1636086799
3773,u27,DD1,1636086817
3774,u32,DD9,1636086832
3775,u96,DD6,1636086853
3776,u71,D21,1636086874
3777,u54,D33,1636086895
3778,u61,D13,1636086907
3779,u62,D21,1636086932
3780,u76,DD4,1636086936
3781,u53,DD3,1636086965
3782,u83,DD2,1636086983
3783,u10,D19,1636086986
3784,u59,D16,1636087000
3785,u26,D32,1636087025
3786,u87,D31,1636087043
3787,u50,D15,1636087059
3788,u48,DD7,1636087060
3789,u25,D34,1636087063
3790,u69,D16,1636087066
3791,u14,D27,1636087090
3792,u39,D25,1636087097
3793,u75,D11,1636087115
3794,u39,D32,1636087131
3795,u37,D18,1636087140
3796,u98,DD7,1636087151
3797,u16,D33,1636087162
3798,uu1,D34,1636087171
3799,u70,D30,1636087185
3800,u21,D13,1636087203
3801,u75,D11,1636087232
3802,u67,D23,1636087253
3803,u65,D32,1636087274
3804,u11,D15,1636087284
3805,u59,DD1,1636087299
3806,u54,D31,1636087318
3807,u14,D29,1636087332
3808,u78,DD8,1636087339
3809,u71,D28,1636087360
3810,u75,DD5,1636087372
3811,u46,DD5,1636087390
3812,u17,D25,1636087413
3813,u69,DD8,1636087423
3814,u76,D13,1636087444
3815,u21,DD5,1636087472
3816,u79,D32,1636087499
3817,u28,DD6,1636087515
3818,u85,DD4,1636087524
3819,u26,D29,1636087526
3820,u52,D21,1636087528
3821,u55,D29,1636087548
3822,u29,D10,1636087566
3823,u24,D13,1636087593
3824,u68,D31,1636087620
3825,u12,DD9,1636087631
3826,u31,D33,1636087654
3827,u18,DD4,1636087668
3828,u25,DD4,1636087682
3829,u37,D27,1636087706
3830,u37,D28,1636087707
3831,u19,DD4,1636087733
3832,u80,DD5,1636087761
3833,u50,D17,1636087780
3834,u37,D15,1636087788
3835,u50,DD7,1636087816
3836,u54,D22,1636087842
3837,u91,DD3,1636087854
3838,u32,D29,1636087875
3839,uu1,DD5,1636087893
3840,u70,D27,1636087908
3841,u51,D15,1636087929
3842,u50,D30,1636087953
3843,u54,D23,1636087965
3844,u29,D23,1636087973
3845,u91,DD9,1636087989
3846,u16,D18,1636088004
3847,u12,D32,1636088017
3848,u59,D27,1636088036
3849,u37,DD2,1636088059
3850,u57,D12,1636088063
3851,u95,DD7,1636088077
3852,u60,D18,1636088097
3853,u46,D18,1636088126
3854,uu3,DD2,1636088155
3855,u80,D22,1636088181
3856,u83,DD1,1636088188
3857,u56,D13,1636088212
3858,u22,D21,1636088220
3859,u21,D26,1636088221
3860,u78,D16,1636088242
3861,u46,D16,1636088254
3862,u36,D33,1636088261
3863,u35,D23,1636088281
3864,u64,DD8,1636088299
3865,u86,DD5,1636088321
3866,u29,DD3,1636088334
3867,u31,D34,1636088346
3868,u79,DD6,1636088349
3869,u47,D26,1636088371
3870,u10,D16,1636088395
3871,u41,DD4,1636088416
3872,u87,D18,1636088435
3873,u66,D24,1636088458
3874,u58,D14,1636088462
3875,u34,DD3,1636088468
3876,u37,D15,1636088489
3877,u48,DD5,1636088491
3878,u83,D11,1636088517
3879,u28,DD6,1636088528
3880,u69,D28,1636088535
3881,u81,DD2,1636088550
3882,u91,D22,1636088565
3883,u99,D27,1636088594
3884,u60,D25,1636088599
3885,u94,DD7,1636088616
3886,u97,D20,1636088645
3887,u77,D19,1636088649
3888,u86,D16,1636088669
3889,u35,D33,1636088678
3890,u62,D14,1636088707
3891,u48,DD3,1636088724
3892,u87,DD1,1636088743
3893,u23,D29,1636088750
3894,u59,D21,1636088774
3895,u68,D26,1636088789
3896,u26,D22,1636088804
3897,u52,D20,1636088807
3898,u13,D31,1636088810
3899,u63,D31,1636088816
3900,u99,D11,1636088841
3901,u39,D32,1636088866
3902,u92,D30,1636088885
3903,u46,D26,1636088901
3904,u72,D27,1636088911
3905,u52,D21,1636088912
3906,u59,D18,1636088929
3907,u31,D15,1636088954
3908,u54,DD7,1636088983
3909,u61,D28,1636089005
3910,u89,D14,1636089009
3911,u45,D15,1636089036
3912,u66,DD1,1636089038
3913,u41,D25,1636089052
3914,u16,DD4,1636089056
3915,u13,D20,1636089057
3916,u80,DD6,1636089070
3917,u47,D14,1636089077
3918,u39,D12,1636089090
3919,u16,DD4,1636089119
3920,u18,D14,1636089137
3921,u29,DD5,1636089145
3922,u72,D22,1636089172
3923,u31,DD8,1636089191
3924,u20,D18,1636089194
3925,u88,DD2,1636089200
3926,u19,D33,1636089211
3927,u98,D31,1636089223
3928,u72,D13,1636089249
3929,u17,DD1,1636089258
3930,u57,DD3,1636089275
3931,u69,D10,1636089281
3932,u46,D27,1636089309
3933,u54,D12,1636089313
3934,u38,D14,1636089324
3935,u62,D21,1636089346
3936,u84,DD9,1636089361
3937,u29,D23,1636089372
3938,u53,DD2,1636089374
3939,u17,D21,1636089389
3940,u37,DD7,1636089396
3941,u30,DD6,1636089417
3942,u59,D11,1636089446
3943,u15,D20,1636089457
3944,u43,D32,1636089471
3945,u16,D32,1636089473
3946,u16,D24,1636089497
3947,u32,D18,1636089503
3948,u57,D23,1636089527
3949,u56,D32,1636089539
3950,u15,DD5,1636089566
3951,u55,D16,1636089574
3952,u47,D18,1636089596
3953,u63,D29,1636089608
3954,u79,DD1,1636089636
3955,u79,DD2,1636089651
3956,u85,DD6,1636089665
3957,u76,D27,1636089692
3958,u47,D17,1636089718
3959,u90,D31,1636089747
3960,u46,D29,1636089775
3961,u83,DD2,1636089795
3962,u90,D26,1636089804
3963,u42,D30,1636089815
3964,u14,DD4,1636089838
3965,u40,DD2,1636089865
3966,u16,DD6,1636089871
3967,u94,D21,1636089894
3968,u52,D23,1636089917
3969,u57,D13,1636089924
3970,u24,D19,1636089928
3971,u94,D23,1636089948
3972,u74,D17,1636089977
3973,u59,D21,1636089994
3974,u78,D10,1636090004
3975,u26,D23,1636090013
3976,u36,D14,1636090034
3977,u79,D16,1636090053
3978,u53,D11,1636090079
3979,u93,D25,1636090102
3980,u81,D10,1636090115
3981,u15,D19,1636090123
3982,u60,D21,1636090149
3983,u61,D23,1636090172
3984,u72,D34,1636090199
3985,u30,D15,1636090223
3986,u73,D22,1636090244
3987,u84,D24,1636090256
3988,u28,D27,1636090261
3989,u93,D24,1636090289
3990,u32,D14,1636090294
3991,u58,DD5,1636090297
3992,u21,D26,1636090305
3993,u20,D29,1636090318
3994,u99,D20,1636090344
3995,u72,D16,1636090371
3996,u55,D23,1636090376
3997,u82,D11,1636090396
3998,uu5,D11,1636090413
3999,u46,DD3,1636090425
4000,u71,D24,1636090451
4001,u12,D10,1636090469
4002,u15,D32,1636090495
4003,uu1,D23,1636090507
4004,u45,D12,1636090509
4005,uu3,D16,1636090533
4006,u11,D13,1636090546
4007,u88,DD6,1636090559
4008,u78,D34,1636090580
4009,uu4,D32,1636090582
4010,u40,D28,1636090586
4011,u83,D31,1636090594
4012,u92,D21,1636090608
4013,u84,D33,1636090619
4014,uu4,D12,1636090635
4015,uu9,DD7,1636090655
4016,u80,D13,1636090657
4017,u59,D20,1636090683
4018,u76,D24,1636090691
4019,u49,D20,1636090703
4020,u50,DD6,1636090713
4021,u82,DD5,1636090718
4022,u12,D16,1636090737
4023,u47,D24,1636090762
4024,u77,D11,1636090785
4025,u72,DD8,1636090796
4026,u78,D25,1636090799
4027,u32,D22,1636090825
4028,u66,D21,1636090849
4029,u96,DD8,1636090859
4030,u79,D12,1636090868
4031,u79,D34,1636090897
4032,u83,DD3,1636090899
4033,u55,D20,1636090925
4034,u51,D15,1636090951
4035,u44,D19,1636090957
4036,u74,D32,1636090961
4037,u41,DD3,1636090978
4038,u75,D22,1636090992
4039,u44,D12,1636091020
4040,u66,D29,1636091032
4041,uu7,D31,1636091033
4042,u56,D19,1636091045
4043,u79,D25,1636091064
4044,u32,DD1,1636091065
4045,u22,D17,1636091083
4046,u46,D33,1636091112
4047,uu7,D32,1636091141
4048,u65,D11,1636091161
4049,u12,D11,1636091182
4050,u75,D29,1636091199
4051,u41,DD3,1636091203
4052,u87,D31,1636091227
4053,u75,DD2,1636091228
4054,u45,DD4,1636091239
4055,u35,D20,1636091255
4056,u61,DD6,1636091270
4057,u53,D18,1636091287
4058,uu5,D15,1636091308
4059,uu8,DD4,1636091315
4060,u45,D22,1636091334
4061,uu6,DD5,1636091345
4062,u96,D14,1636091358
4063,uu1,D14,1636091371
4064,uu1,D11,1636091393
4065,u82,D21,1636091394
4066,u20,D19,1636091411
4067,u58,D12,1636091433
4068,u93,D19,1636091460
4069,u38,D25,1636091482
4070,u24,D32,1636091501
4071,u24,D11,1636091512
4072,u14,DD2,1636091516
4073,u79,D22,1636091523
4074,u76,D24,1636091532
4075,u17,D21,1636091550
4076,u86,D17,1636091572
4077,u80,D22,1636091585
4078,u46,D32,1636091586
4079,u30,D33,1636091611
4080,u46,DD9,1636091638
4081,u35,D29,1636091655
4082,u75,D13,1636091661
4083,u22,D33,1636091664
4084,u92,D17,1636091672
4085,u90,D22,1636091685
4086,u17,DD3,1636091695
4087,u13,D21,1636091719
4088,u24,D31,1636091740
4089,u84,DD4,1636091754
4090,u96,DD3,1636091770
4091,u43,DD2,1636091780
4092,u37,D24,1636091803
4093,u75,DD2,1636091820
4094,u58,D14,1636091838
4095,u91,D25,1636091861
4096,u50,D34,1636091863
4097,u10,D27,1636091870
4098,u53,D12,1636091899
4099,u52,DD1,1636091907
4100,u44,D25,1636091923
4101,u72,DD5,1636091952
4102,u31,D34,1636091978
4103,u50,D10,1636091985
4104,u75,D29,1636092000
4105,u96,D14,1636092015
4106,u28,D26,1636092038
4107,u41,D19,1636092049
4108,u59,D29,1636092058
4109,u84,D33,1636092085
4110,u14,D26,1636092109
4111,u50,DD6,1636092110
4112,u98,D18,1636092131
4113,u65,D23,1636092140
4114,u30,D13,1636092169
4115,u99,DD2,1636092173
4116,u53,D29,1636092182
4117,u25,DD4,1636092205
4118,u41,D14,1636092219
4119,u29,DD9,1636092247
4120,u74,D28,1636092254
4121,u75,D12,1636092271
4122,u98,D32,1636092283
4123,u65,D10,1636092303
4124,u47,D32,1636092306
4125,u14,D21,1636092321
4126,u10,DD7,1636092342
4127,u63,DD9,1636092344
4128,uu4,D22,1636092359
4129,u59,D26,1636092385
4130,u33,D32,1636092400
4131,u20,D34,1636092427
4132,u16,D33,1636092428
4133,u36,D19,1636092434
4134,u30,D20,1636092461
4135,u75,DD4,1636092479
4136,u62,D18,1636092491
4137,u97,D17,1636092493
4138,u29,DD4,1636092506
4139,u56,DD1,1636092524
4140,u88,D13,1636092549
4141,u73,D29,1636092558
4142,u44,D21,1636092582
4143,u64,DD5,1636092599
4144,u25,D26,1636092602
4145,u49,D32,1636092607
4146,u86,D22,1636092608
4147,u33,D24,1636092616
4148,u61,DD1,1636092625
4149,u71,D13,1636092626
4150,u63,D14,1636092638
4151,u15,DD6,1636092646
4152,u39,D25,1636092648
4153,u83,D21,1636092651
4154,u31,D16,1636092659
4155,u26,D30,1636092675
4156,u63,D17,1636092699
4157,u17,D23,1636092700
4158,u52,D28,1636092723
4159,u63,D32,1636092741
4160,u82,D11,1636092765
4161,u42,D26,1636092776
4162,u19,D22,1636092796
4163,u92,D30,1636092820
4164,u40,D15,1636092846
4165,u68,D27,1636092849
4166,u59,DD9,1636092865
4167,u82,D31,1636092893
4168,uu1,DD8,1636092919
4169,u64,D22,1636092945
4170,u58,D16,1636092956
4171,u67,D11,1636092971
4172,u61,D33,1636092975
4173,u29,D24,1636092994
4174,u77,D14,1636093005
4175,u42,D14,1636093015
4176,u29,D25,1636093042
4177,u57,DD1,1636093061
4178,u83,DD1,1636093064
4179,u23,D30,1636093065
4180,uu2,D12,1636093092
4181,u25,DD9,1636093117
4182,u11,D21,1636093130
4183,u12,D32,1636093146
4184,u30,D13,1636093160
4185,u66,D15,1636093172
4186,u62,D29,1636093174
4187,u13,DD7,1636093197
4188,u92,DD7,1636093203
4189,u45,DD3,1636093210
4190,u52,D14,1636093225
4191,u97,DD2,1636093249
4192,u64,D24,1636093256
4193,u83,DD4,1636093266
4194,u94,D30,1636093294
4195,u41,D12,1636093297
4196,u96,D34,1636093313
4197,u89,D17,1636093330
4198,u86,D33,1636093333
4199,u25,D23,1636093359
4200,u80,DD2,1636093366
4201,u97,D23,1636093384
4202,uu8,D28,1636093399
4203,u37,DD2,1636093416
4204,u90,D18,1636093436
4205,uu8,DD7,1636093437
4206,u16,DD7,1636093447
4207,u48,DD2,1636093471
4208,u94,D11,1636093475
4209,u34,D33,1636093492
4210,u50,DD5,1636093499
4211,u12,DD2,1636093507
4212,u19,D13,1636093530
4213,uu7,DD5,1636093550
4214,u59,D28,1636093569
4215,u55,D32,1636093580
4216,u42,D23,1636093595
4217,u69,DD4,1636093615
4218,u73,D33,1636093627
4219,u52,D12,1636093646
4220,uu3,D12,1636093652
4221,uu9,D31,1636093670
4222,u43,D22,1636093698
4223,uu1,D11,1636093718
4224,u87,D34,1636093731
4225,u80,DD6,1636093734
4226,u80,D32,1636093758
4227,u39,D21,1636093762
4228,u36,D21,1636093777
4229,u64,D24,1636093805
4230,u90,DD8,1636093814
4231,u31,D15,1636093839
4232,u25,DD2,1636093856
4233,u10,D11,1636093884
4234,u93,D25,1636093898
4235,u83,D27,1636093910
4236,u85,D34,1636093934
4237,u56,D23,1636093954
4238,u47,D33,1636093960
4239,u37,DD5,1636093962
4240,uu6,D25,1636093980
4241,uu2,D14,1636093988
4242,u41,D30,1636094015
4243,u13,D10,1636094017
4244,u42,D14,1636094040
4245,uu2,D18,1636094043
4246,u85,D30,1636094044
4247,u55,D15,1636094047
4248,u12,D10,1636094064
4249,u74,D10,1636094084
4250,u16,DD8,1636094090
4251,u13,D19,1636094101
4252,u63,DD9,1636094110
4253,u70,D32,1636094132
4254,u89,D26,1636094146
4255,u32,D29,1636094156
4256,u41,D23,1636094160
4257,u46,D19,1636094182
4258,u19,DD9,1636094186
4259,u69,D29,1636094198
4260,u73,D30,1636094220
4261,u86,DD9,1636094240
4262,u60,D14,1636094267
4263,u71,DD7,1636094293
4264,uu4,D16,1636094308
4265,u53,D11,1636094330
4266,u89,D22,1636094357
4267,u54,D17,1636094360
4268,u37,D14,1636094367
4269,u99,D21,1636094384
4270,u24,D14,1636094390
4271,uu4,D12,1636094416
4272,u73,D20,1636094439
4273,u97,D29,1636094460
4274,u74,D26,1636094475
4275,u68,D30,1636094490
4276,u31,DD7,1636094510
4277,u59,D14,1636094525
4278,u15,D14,1636094545
4279,u53,D32,1636094563
4280,u67,D15,1636094567
4281,u42,D24,1636094578
4282,u83,D26,1636094607
4283,u22,DD7,1636094627
4284,u96,DD9,1636094650
4285,u27,D14,1636094657
4286,u84,D16,1636094679
4287,u54,D27,1636094689
4288,u39,DD6,1636094703
4289,u57,D33,1636094704
4290,u88,D20,1636094724
4291,u43,D11,1636094751
4292,u28,D22,1636094777
4293,u99,D24,1636094781
4294,u91,D27,1636094810
4295,u29,D32,1636094824
4296,u59,D25,1636094825
4297,u99,D13,1636094849
4298,u56,D24,1636094875
4299,uu3,DD3,1636094879
4300,u89,D14,1636094880
4301,u30,DD6,1636094896
4302,u50,D23,1636094902
4303,u77,D24,1636094922
4304,u56,D15,1636094947
4305,u79,D34,1636094960
4306,u15,D20,1636094971
4307,u67,D28,1636094996
4308,u97,D20,1636095001
4309,u60,DD2,1636095009
4310,u27,D20,1636095014
4311,u97,D33,1636095033
4312,u56,D11,1636095036
4313,u50,D13,1636095041
4314,u23,D20,1636095052
4315,u71,D15,1636095070
4316,u10,D17,1636095095
4317,u90,DD1,1636095100
4318,u23,D32,1636095103
4319,u66,D30,1636095118
4320,u72,DD6,1636095141
4321,u30,D28,1636095170
4322,u76,D32,1636095198
4323,u38,D21,1636095215
4324,u91,DD4,1636095227
4325,uu1,D32,1636095242
4326,u66,D17,1636095271
4327,u84,D19,1636095290
4328,u75,D28,1636095317
4329,u23,D27,1636095338
4330,u11,D20,1636095347
4331,u14,D27,1636095363
4332,u93,D12,1636095389
4333,u21,D10,1636095396
4334,u26,D11,1636095419
4335,u54,D23,1636095426
4336,uu9,D28,1636095446
4337,u90,D17,1636095447
4338,u25,DD3,1636095459
4339,u78,D18,1636095483
4340,u18,DD6,1636095492
4341,u21,DD1,1636095500
4342,u53,D16,1636095510
4343,u29,D16,1636095516
4344,u55,DD1,1636095528
4345,u82,D13,1636095536
4346,u59,D22,1636095550
4347,u60,D16,1636095559
4348,u88,DD5,1636095581
4349,u64,D11,1636095583
4350,u84,D19,1636095586
4351,u23,D16,1636095589
4352,u74,D13,1636095610
4353,u93,DD1,1636095629
4354,u61,D24,1636095644
4355,u18,D27,1636095650
4356,u83,D14,1636095676
4357,u34,DD8,1636095689
4358,u47,D11,1636095691
4359,u23,D18,1636095697
4360,u77,DD2,1636095704
4361,u82,D34,1636095731
4362,u15,D34,1636095757
4363,u94,D26,1636095766
4364,u93,D23,1636095783
4365,u68,DD3,1636095794
4366,u81,D26,1636095797
4367,u40,D23,1636095802
4368,u76,D28,1636095831
4369,u12,DD1,1636095860
4370,u28,DD1,1636095887
4371,u84,DD5,1636095895
4372,u49,D26,1636095899
4373,u54,DD9,1636095913
4374,u33,D32,1636095922
4375,u91,D19,1636095925
4376,u85,D15,1636095928
4377,u24,D26,1636095956
4378,u40,DD3,1636095983
4379,u38,D17,1636095985
4380,u20,D26,1636095987
4381,u61,DD3,1636096010
4382,u96,D10,1636096021
4383,uu4,D17,1636096040
4384,u97,D33,1636096051
4385,u20,D20,1636096071
4386,uu6,DD9,1636096075
4387,u14,D10,1636096098
4388,u30,D20,1636096126
4389,u51,DD5,1636096144
4390,u32,D11,1636096165
4391,uu2,D27,1636096184
4392,u34,D29,1636096187
4393,u36,D16,1636096205
4394,u79,D20,1636096206
4395,u18,D21,1636096228
4396,u90,D29,1636096236
4397,u68,D32,1636096254
4398,u38,D16,1636096269
4399,u36,D17,1636096272
4400,u52,D33,1636096276
4401,u43,DD9,1636096298
4402,u25,D27,1636096316
4403,u87,D24,1636096325
4404,u47,D12,1636096331
4405,u71,D24,1636096341
4406,u34,D16,1636096370
4407,u23,D24,1636096392
4408,u22,DD4,1636096421
4409,u56,DD1,1636096437
4410,u57,D26,1636096448
4411,u41,D33,1636096449
4412,u45,D15,1636096464
4413,u86,D11,1636096477
4414,uu8,D21,1636096492
4415,u24,D13,1636096505
4416,u34,D24,1636096506
4417,uu9,D30,1636096513
4418,u81,D26,1636096542
4419,uu6,DD2,1636096559
4420,uu9,DD6,1636096578
4421,u77,D24,1636096593
4422,u64,DD6,1636096617
4423,u35,D27,1636096642
4424,u13,D23,1636096655
4425,u90,D34,1636096659
4426,u65,D11,1636096676
4427,u43,D11,1636096679
4428,u90,D15,1636096691
4429,u65,DD9,1636096712
4430,u99,D14,1636096732
4431,u95,D10,1636096734
4432,u26,D32,1636096735
4433,u84,D22,1636096756
4434,u40,D19,1636096771
4435,u15,D16,1636096787
4436,u32,D20,1636096816
4437,u16,D26,1636096844
4438,u75,D12,1636096862
4439,u28,D23,1636096875
4440,u52,D13,1636096877
4441,u85,D33,1636096879
4442,u59,D21,1636096882
4443,u87,D20,1636096910
4444,u43,D22,1636096935
4445,u90,D15,1636096944
4446,u55,D34,1636096952
4447,u25,DD5,1636096980
4448,u42,D22,1636097003
4449,u20,DD4,1636097006
4450,u11,DD1,1636097009
4451,u22,D30,1636097020
4452,u87,D29,1636097031
4453,u60,DD1,1636097043
4454,u38,D31,1636097061
4455,u65,D29,1636097081
4456,uu6,DD6,1636097109
4457,u95,D11,1636097116
4458,u48,D27,1636097134
4459,u27,D29,1636097159
4460,u57,DD3,1636097186
4461,u94,D12,1636097198
4462,u96,D32,1636097220
4463,u42,D11,1636097226
4464,uu1,D13,1636097239
4465,u28,D11,1636097248
4466,u52,D15,1636097262
4467,u85,D10,1636097273
4468,u38,D11,1636097295
4469,u13,DD9,1636097297
4470,u93,D18,1636097317
4471,u77,DD9,1636097337
4472,u78,D28,1636097342
4473,u58,D24,1636097359
4474,u94,D30,1636097369
4475,u96,D27,1636097371
4476,u76,DD3,1636097394
4477,u73,D28,1636097410
4478,u17,D27,1636097434
4479,uu9,D10,1636097449
4480,u96,DD2,1636097450
4481,u45,D17,1636097455
4482,u86,D25,1636097458
4483,u10,D31,1636097487
4484,u93,D33,1636097514
4485,u83,D16,1636097524
4486,u42,D29,1636097530
4487,u80,D22,1636097555
4488,u23,D10,1636097584
4489,u92,D29,1636097613
4490,u74,DD9,1636097642
4491,u41,DD6,1636097661
4492,u90,D22,1636097684
4493,uu4,D21,1636097697
4494,u57,D31,1636097715
4495,u90,D29,1636097744
4496,u52,DD9,1636097756
4497,u59,D28,1636097759
4498,u86,DD5,1636097786
4499,u35,DD9,1636097814
4500,u71,DD7,1636097841
4501,u54,D21,1636097856
4502,u77,D17,1636097867
4503,uu8,D12,1636097896
4504,u20,D33,1636097905
4505,u88,D33,1636097911
4506,u73,D23,1636097921
4507,u61,D32,1636097923
4508,u86,DD4,1636097946
4509,uu8,D32,1636097957
4510,u21,D18,1636097962
4511,u94,DD6,1636097985
4512,u92,D21,1636098008
4513,uu7,D18,1636098009
4514,u90,DD3,1636098017
4515,u85,DD8,1636098045
4516,u66,D29,1636098053
4517,u76,D21,1636098061
4518,u71,D29,1636098083
4519,u79,D31,1636098091
4520,u21,D26,1636098108
4521,u40,DD7,1636098133
4522,u64,DD8,1636098154
4523,u48,D11,1636098168
4524,u58,D34,1636098169
4525,u18,D26,1636098180
4526,u87,DD5,1636098190
4527,u80,D16,1636098215
4528,u73,D29,1636098238
4529,u56,D31,1636098263
4530,u58,D23,1636098284
4531,u69,DD8,1636098295
4532,u20,D18,1636098299
4533,u22,D10,1636098317
4534,u27,D32,1636098324
4535,uu3,DD1,1636098332
4536,u43,D33,1636098347
4537,u34,DD2,1636098356
4538,u41,DD9,1636098365
4539,u27,D15,1636098383
4540,u55,D15,1636098404
4541,u51,D25,1636098419
4542,u86,D28,1636098441
4543,u92,D31,1636098464
4544,u18,DD6,1636098490
4545,u90,D19,1636098492
4546,u64,D18,1636098501
4547,u24,DD5,1636098508
4548,u71,D23,1636098534
4549,u25,D19,1636098547
4550,u61,D32,1636098576
4551,u94,D23,1636098583
4552,uu5,D27,1636098611
4553,u90,D31,1636098625
4554,u12,DD1,1636098632
4555,u55,DD3,1636098655
4556,u38,DD2,1636098657
4557,u96,DD4,1636098684
4558,uu9,DD2,1636098702
4559,u12,D10,1636098713
4560,u27,D13,1636098733
4561,u20,D12,1636098760
4562,u56,DD3,1636098781
4563,u95,D14,1636098786
4564,u28,D29,1636098808
4565,u82,DD2,1636098809
4566,u53,DD1,1636098818
4567,u75,D33,1636098847
4568,u21,D18,1636098876
4569,u53,D16,1636098882
4570,u25,D11,1636098895
4571,u37,D31,1636098909
4572,u13,D16,1636098917
4573,u69,D23,1636098946
4574,u76,DD3,1636098954
4575,u41,D16,1636098961
4576,u83,D22,1636098965
4577,u45,D34,1636098973
4578,u27,DD3,1636098989
4579,u32,D23,1636099001
4580,uu5,D16,1636099008
4581,u95,D23,1636099023
4582,u98,DD3,1636099033
4583,u81,D21,1636099036
4584,u56,D14,1636099046
4585,uu2,DD5,1636099051
4586,uu4,DD7,1636099080
4587,u83,DD2,1636099093
4588,uu7,D17,1636099116
4589,u17,D15,1636099128
4590,u36,D34,1636099142
4591,u26,DD9,1636099156
4592,u49,D14,1636099183
4593,u95,D29,1636099199
4594,u59,DD2,1636099228
4595,u90,DD9,1636099248
4596,u84,D19,1636099274
4597,u72,D24,1636099276
4598,u16,DD1,1636099299
4599,u67,DD5,1636099310
4600,u17,D34,1636099321
4601,u96,D27,1636099325
4602,u97,D28,1636099351
4603,u39,D25,1636099365
4604,u55,D26,1636099385
4605,u90,D20,1636099394
4606,u12,D32,1636099410
4607,u70,D12,1636099416
4608,u86,D21,1636099431
4609,u74,D11,1636099454
4610,u89,D16,1636099474
4611,u66,DD7,1636099491
4612,u67,DD3,1636099512
4613,u52,DD5,1636099533
4614,u74,D17,1636099543
4615,u35,D14,1636099561
4616,u25,DD1,1636099578
4617,u82,DD2,1636099579
4618,u73,D18,1636099580
4619,u34,D22,1636099607
4620,u76,D11,1636099613
4621,u64,D13,1636099615
4622,u53,D24,1636099623
4623,u55,DD9,1636099643
4624,u55,D10,1636099663
4625,u31,D23,1636099680
4626,u58,D16,1636099690
4627,u52,DD6,1636099698
4628,u35,D13,1636099711
4629,u20,D30,1636099732
4630,u96,D18,1636099736
4631,u99,D11,1636099743
4632,u27,D31,1636099751
4633,uu3,D15,1636099757
4634,u11,DD3,1636099766
4635,u15,D14,1636099788
4636,uu8,D26,1636099805
4637,u49,D30,1636099821
4638,u18,DD4,1636099842
4639,u15,DD4,1636099847
4640,u30,D33,1636099858
4641,u91,DD5,1636099869
4642,u98,D32,1636099882
4643,uu4,DD7,1636099891
4644,u14,DD9,1636099910
4645,u20,DD9,1636099921
4646,u14,DD4,1636099932
4647,u37,D22,1636099938
4648,u93,D25,1636099962
4649,u97,D16,1636099969
4650,u32,DD4,1636099975
4651,u53,D19,1636099984
4652,u60,D20,1636099995
4653,u14,D34,1636100014
4654,u48,D22,1636100024
4655,u31,DD6,1636100052
4656,u83,DD4,1636100066
4657,u45,D33,1636100080
4658,u34,D30,1636100087
4659,u76,D12,1636100088
4660,u41,D10,1636100114
4661,u78,DD7,1636100121
4662,u13,D11,1636100143
4663,u38,D17,1636100150
4664,u89,D12,1636100173
4665,u79,D13,1636100184
4666,u77,DD1,1636100197
4667,u81,D34,1636100209
4668,u69,D32,1636100229
4669,u52,D28,1636100237
4670,uu1,D18,1636100260
4671,u90,DD8,1636100270
4672,u16,DD5,1636100272
4673,u23,D32,1636100281
4674,u66,D10,1636100304
4675,u47,DD9,1636100323
4676,u83,D24,1636100345
4677,u61,DD8,1636100361
4678,u44,D15,1636100369
4679,u55,DD4,1636100397
4680,u19,D28,1636100415
4681,u17,DD9,1636100424
4682,u72,D27,1636100439
4683,u51,DD8,1636100450
4684,u25,D24,1636100451
4685,u67,D10,1636100457
4686,u75,D15,1636100485
4687,u87,D11,1636100502
4688,uu9,DD3,1636100512
4689,u83,D14,1636100523
4690,u56,D16,1636100527
4691,u54,D18,1636100543
4692,u57,D22,1636100550
4693,u38,D12,1636100573
4694,u18,D21,1636100594
4695,uu1,D26,1636100622
4696,u18,D31,1636100627
4697,u88,D25,1636100640
4698,u83,DD9,1636100657
4699,u49,D19,1636100661
4700,u55,D31,1636100679
4701,u65,D21,1636100684
4702,u87,D28,1636100698
4703,u38,D14,1636100718
4704,u56,DD2,1636100746
4705,u51,D29,1636100757
4706,u13,DD5,1636100783
4707,u61,D23,1636100796
4708,u20,D26,1636100807
4709,uu6,D33,1636100827
4710,u74,D28,1636100831
4711,u12,D10,1636100843
4712,u75,D10,1636100844
4713,u54,D31,1636100851
4714,u86,D34,1636100878
4715,u31,DD6,1636100879
4716,uu6,DD7,1636100887
4717,u73,DD4,1636100899
4718,u65,DD2,1636100922
4719,u65,DD1,1636100944
4720,u91,D20,1636100956
4721,u47,D30,1636100959
4722,uu6,D15,1636100971
4723,u77,D34,1636100989
4724,u22,D24,1636100999
4725,u40,D28,1636101004
4726,u65,D11,1636101021
4727,u97,DD4,1636101028
4728,u53,DD5,1636101040
4729,u49,DD8,1636101069
4730,u61,D22,1636101078
4731,u70,D27,1636101084
4732,u34,DD5,1636101101
4733,u10,D31,1636101120
4734,u96,D21,1636101131
4735,u75,D24,1636101132
4736,uu2,D20,1636101151
4737,u95,D26,1636101165
4738,u79,DD5,1636101190
4739,uu6,D30,1636101210
4740,u81,D24,1636101215
4741,u18,D19,1636101237
4742,u53,D15,1636101247
4743,uu8,D15,1636101268
4744,u83,D33,1636101276
4745,u39,DD7,1636101278
4746,uu6,D13,1636101299
4747,u49,D26,1636101317
4748,u43,D12,1636101325
4749,u13,D27,1636101341
4750,u39,D26,1636101361
4751,u99,D23,1636101387
4752,u57,D31,1636101395
4753,u60,DD3,1636101403
4754,u25,D15,1636101430
4755,u95,DD6,1636101433
4756,u96,D18,1636101457
4757,u46,D29,1636101479
4758,u94,D34,1636101487
4759,u50,DD8,1636101499
4760,uu1,DD5,1636101502
4761,u15,D25,1636101511
4762,u98,D26,1636101515
4763,u11,D12,1636101544
4764,u96,D12,1636101563
4765,u71,D21,1636101592
4766,u32,D33,1636101599
4767,u17,D13,1636101627
4768,uu9,DD3,1636101649
4769,u65,D24,1636101677
4770,u45,DD5,1636101696
4771,u74,DD4,1636101717
4772,u16,DD9,1636101739
4773,u80,DD3,1636101741
4774,u16,D31,1636101763
4775,u28,D17,1636101780
4776,u17,D13,1636101801
4777,u44,D26,1636101820
4778,u36,D33,1636101840
4779,u85,D33,1636101847
4780,u53,D26,1636101871
4781,u45,D18,1636101884
4782,u79,D18,1636101890
4783,u18,D18,1636101909
4784,u25,D19,1636101935
4785,u51,D26,1636101943
4786,u34,D32,1636101952
4787,u79,D24,1636101973
4788,u11,D13,1636102001
4789,u51,DD5,1636102006
4790,u16,D20,1636102033
4791,uu3,DD3,1636102058
4792,u92,DD1,1636102062
4793,uu5,D32,1636102083
4794,u44,D19,1636102086
4795,u81,D31,1636102096
4796,u52,D16,1636102113
4797,u81,D24,1636102139
4798,u27,D31,1636102164
4799,u85,D33,1636102189
4800,u52,D20,1636102198
4801,u49,D26,1636102201
4802,u86,D17,1636102213
4803,u82,D27,1636102241
4804,u96,DD2,1636102250
4805,u22,D32,1636102275
4806,u68,D15,1636102299
4807,u90,D29,1636102318
4808,u53,D20,1636102329
4809,u26,D12,1636102349
4810,u81,D34,1636102377
4811,u90,DD3,1636102393
4812,u27,D25,1636102399
4813,u72,DD3,1636102418
4814,u98,D23,1636102426
4815,uu7,D26,1636102427
4816,u47,D17,1636102451
4817,u53,DD1,1636102467
4818,u28,D11,1636102469
4819,u28,DD5,1636102486
4820,u88,DD2,1636102490
4821,u59,D14,1636102513
4822,u53,DD7,1636102533
4823,u16,D34,1636102550
4824,u18,DD5,1636102559
4825,u54,D13,1636102565
4826,u26,DD6,1636102567
4827,u80,D23,1636102584
4828,u23,DD3,1636102610
4829,uu6,DD7,1636102638
4830,u25,D34,1636102658
4831,u12,D11,1636102675
4832,u68,DD1,1636102691
4833,u46,D32,1636102707
4834,u68,D28,1636102723
4835,u88,DD8,1636102745
4836,u75,D32,1636102763
4837,u31,D13,1636102777
4838,u61,D29,1636102798
4839,u80,D30,1636102819
4840,u26,DD9,1636102826
4841,u11,D16,1636102837
4842,u74,D25,1636102843
4843,u74,D34,1636102864
4844,u33,DD4,1636102881
4845,u91,D11,1636102904
4846,u53,D19,1636102924
4847,u52,D28,1636102928
4848,u22,DD2,1636102956
4849,u91,DD9,1636102965
4850,u52,DD3,1636102970
4851,u71,D24,1636102991
4852,u84,D25,1636102995
4853,u37,D14,1636103019
4854,u48,D16,1636103023
4855,u75,DD8,1636103040
4856,u22,D30,1636103057
4857,u63,D20,1636103061
4858,u34,DD7,1636103086
4859,u89,D16,1636103093
4860,u75,D28,1636103112
4861,u55,D24,1636103141
4862,u89,D19,1636103160
4863,u28,D11,1636103180
4864,u15,D17,1636103204
4865,u36,D26,1636103233
4866,u85,D17,1636103234
4867,u10,DD9,1636103262
4868,u29,DD7,1636103267
4869,u66,D32,1636103278
4870,uu4,D31,1636103294
4871,u38,D20,1636103303
4872,u31,D15,1636103310
4873,u78,DD4,1636103314
4874,u80,D32,1636103318
4875,u76,D12,1636103323
4876,u33,D28,1636103337
4877,u32,DD1,1636103353
4878,u93,D33,1636103367
4879,u44,DD7,1636103392
4880,u57,D10,1636103412
4881,u99,DD4,1636103415
4882,u84,DD2,1636103444
4883,u95,DD3,1636103453
4884,u31,D34,1636103472
4885,u36,D20,1636103479
4886,u30,D33,1636103495
4887,u66,D29,1636103498
4888,u66,D16,1636103512
4889,u31,D30,1636103534
4890,u31,D27,1636103554
4891,u23,D19,1636103558
4892,u13,D28,1636103581
4893,u95,D12,1636103605
4894,u58,D33,1636103629
4895,u32,DD9,1636103645
4896,u63,DD8,1636103654
4897,u15,D23,1636103671
4898,u42,D18,1636103688
4899,u17,DD8,1636103692
4900,u38,D20,1636103705
4901,u56,DD6,1636103724
4902,u81,D24,1636103734
4903,u57,D29,1636103750
4904,u19,D14,1636103762
4905,u47,D18,1636103767
4906,uu5,D14,1636103769
4907,u71,D28,1636103771
4908,uu4,D19,1636103773
4909,u73,D32,1636103795
4910,u85,DD9,1636103821
4911,u88,DD8,1636103826
4912,u10,D13,1636103845
4913,u55,D30,1636103851
4914,uu2,DD4,1636103868
4915,u27,D17,1636103889
4916,u97,D23,1636103891
4917,u32,DD7,1636103915
4918,u38,D19,1636103936
4919,u49,D19,1636103938
4920,uu9,D27,1636103942
4921,u37,D34,1636103967
4922,u48,D34,1636103988
4923,u17,D27,1636104015
4924,u20,D32,1636104020
4925,u52,D22,1636104041
4926,u76,D23,1636104070
4927,u43,D27,1636104081
4928,u19,D21,1636104088
4929,u43,D32,1636104110
4930,u30,D27,1636104127
4931,uu7,D22,1636104130
4932,u88,DD7,1636104151
4933,u61,D18,1636104158
4934,u90,DD6,1636104165
4935,u65,D27,1636104169
4936,u26,DD2,1636104178
4937,u43,DD4,1636104180
4938,u55,D31,1636104203
4939,u92,D18,1636104227
4940,u61,D22,1636104253
4941,u57,D23,1636104263
4942,u78,D18,1636104275
4943,u66,DD3,1636104285
4944,u61,D28,1636104299
4945,u84,DD4,1636104323
4946,u18,DD9,1636104327
4947,u48,DD3,1636104328
4948,u63,D33,1636104356
4949,u88,D13,1636104378
4950,u72,D19,1636104392
4951,uu1,DD2,1636104398
4952,u20,D11,1636104409
4953,u17,D11,1636104423
4954,u31,DD5,1636104428
4955,uu9,D18,1636104449
4956,u96,D11,1636104456
4957,u19,D14,1636104462
4958,u75,D29,1636104477
4959,u46,D27,1636104506
4960,u75,D12,1636104509
4961,u23,D27,1636104526
4962,u59,D27,1636104543
4963,u89,D28,1636104555
4964,u63,D15,1636104559
4965,u98,D14,1636104573
4966,u15,DD8,1636104602
4967,u67,D19,1636104629
4968,u78,D16,1636104651
4969,u95,D19,1636104663
4970,u64,DD4,1636104680
4971,u33,DD2,1636104707
4972,u27,DD3,1636104720
4973,u43,D13,1636104722
4974,u13,DD8,1636104746
4975,u44,DD1,1636104747
4976,u19,D10,1636104772
4977,uu1,D23,1636104798
4978,u38,D10,1636104816
4979,u67,DD5,1636104827
4980,u87,DD4,1636104844
4981,u83,D25,1636104852
4982,u51,D26,1636104874
4983,u98,D10,1636104903
4984,u61,D11,1636104927
4985,u92,D21,1636104955
4986,u77,D28,1636104967
4987,u53,D20,1636104984
4988,uu4,D34,1636105006
4989,u31,D34,1636105009
4990,u90,D19,1636105036
4991,u70,D24,1636105048
4992,u76,D19,1636105063
4993,u42,D14,1636105085
4994,u97,D30,1636105103
4995,u80,D21,1636105128
4996,u98,D13,1636105153
4997,u74,D34,1636105176
4998,u85,D23,1636105198
4999,u59,D31,1636105209
5000,u17,D17,1636105210
5001,u10,DD1,1636105227
5002,u21,D26,1636105229
5003,u45,DD9,1636105258
5004,uu8,D26,1636105279
5005,u55,D30,1636105308
5006,u43,D18,1636105327
5007,u69,D30,1636105339
5008,u97,D17,1636105340
5009,uu7,D24,1636105361
5010,uu5,D13,1636105387
5011,u52,D20,1636105398
5012,u20,D26,1636105424
5013,u57,D28,1636105428
5014,u42,D13,1636105430
5015,u97,D17,1636105443
5016,u18,DD3,1636105459
5017,u54,DD9,1636105485
5018,u94,DD3,1636105499
5019,u29,D33,1636105519
5020,u51,D27,1636105520
5021,u80,D26,1636105522
5022,u98,D11,1636105544
5023,u22,D27,1636105563
5024,u99,DD2,1636105577
5025,u29,D24,1636105593
5026,uu4,D33,1636105606
5027,u91,D30,1636105607
5028,u18,DD7,1636105636
5029,u60,DD6,1636105665
5030,u66,DD1,1636105677
5031,u53,D19,1636105695
5032,u18,D17,1636105716
5033,u85,D32,1636105737
5034,u41,DD1,1636105745
5035,u53,D17,1636105764
5036,u90,D29,1636105781
5037,u62,DD8,1636105801
5038,u89,D13,1636105813
5039,u58,D13,1636105827
5040,u25,D31,1636105841
5041,u44,D30,1636105858
5042,u17,D24,1636105861
5043,u49,D27,1636105890
5044,uu6,D16,1636105897
5045,u71,DD9,1636105904
5046,u80,DD6,1636105927
5047,u87,D33,1636105950
5048,u33,D12,1636105970
5049,uu2,D30,1636105986
5050,u76,D22,1636105991
5051,u20,D34,1636106002
5052,uu4,DD2,1636106022
5053,u57,D16,1636106032
5054,u37,D19,1636106035
5055,u54,DD6,1636106036
5056,u19,D26,1636106051
5057,u95,D17,1636106078
5058,u82,D26,1636106082
5059,u51,D23,1636106105
5060,u96,D17,1636106127
5061,u39,D26,1636106133
5062,u72,DD6,1636106141
5063,u23,D31,1636106157
5064,u16,DD7,1636106180
5065,u61,D10,1636106188
5066,u80,D11,1636106213
5067,uu9,D19,1636106238
5068,u87,D28,1636106263
5069,u97,D21,1636106283
5070,u90,DD8,1636106287
5071,u98,DD7,1636106312
5072,u86,DD4,1636106315
5073,u43,D32,1636106343
5074,u41,DD7,1636106353
5075,u87,D34,1636106355
5076,u25,D19,1636106383
5077,uu2,D16,1636106410
5078,u45,D12,1636106412
5079,u66,D12,1636106422
5080,u11,DD2,1636106425
5081,u42,D30,1636106441
5082,u44,DD9,1636106468
5083,u64,D30,1636106489
5084,u34,D21,1636106491
5085,u21,D19,1636106500
5086,u43,DD3,1636106519
5087,u63,DD3,1636106537
5088,u64,D34,1636106560
5089,u79,DD7,1636106580
5090,u32,D16,1636106592
5091,u88,DD3,1636106608
5092,u66,D25,1636106636
5093,u80,D27,1636106652
5094,uu7,D23,1636106680
5095,u99,D34,1636106706
5096,u84,D24,1636106732
5097,u32,D14,1636106747
5098,u13,D15,1636106758
5099,u68,D18,1636106766
5100,u52,D28,1636106792
5101,u47,D19,1636106800
5102,u85,D29,1636106824
5103,u60,D20,1636106838
5104,u78,D28,1636106861
5105,uu2,D33,1636106886
5106,u82,D10,1636106910
5107,uu4,DD2,1636106931
5108,uu9,DD4,1636106952
5109,u65,D27,1636106977
5110,u48,D33,1636106993
5111,uu7,DD6,1636106996
5112,u22,D22,1636107015
5113,u72,D21,1636107038
5114,u36,D16,1636107047
5115,u96,D28,1636107056
5116,uu3,D19,1636107080
5117,u33,D14,1636107102
5118,u21,D11,1636107107
5119,u59,D25,1636107133
5120,u85,DD5,1636107134
5121,uu9,D22,1636107154
5122,u72,D15,1636107165
5123,u39,D13,1636107190
5124,u44,DD3,1636107205
5125,uu7,D33,1636107218
5126,u74,D24,1636107238
5127,u11,D11,1636107266
5128,u66,D13,1636107285
5129,u96,D26,1636107314
5130,u86,D25,1636107319
5131,u77,DD1,1636107330
5132,u36,D33,1636107343
5133,u36,DD4,1636107367
5134,u16,DD1,1636107393
5135,u87,DD9,1636107417
5136,u45,D24,1636107424
5137,u14,DD3,1636107429
5138,u85,DD8,1636107457
5139,u96,D33,1636107473
5140,u87,DD5,1636107475
5141,u20,D32,1636107488
5142,u90,DD4,1636107515
5143,uu2,D34,1636107529
5144,u62,D21,1636107542
5145,u34,D11,1636107569
5146,u37,D27,1636107576
5147,u61,DD7,1636107596
5148,u79,DD8,1636107618
5149,u15,DD3,1636107628
5150,u93,D25,1636107632
5151,uu2,D24,1636107644
5152,uu1,D18,1636107673
5153,u81,D23,1636107674
5154,u60,D33,1636107678
5155,u78,D28,1636107706
5156,u19,D20,1636107715
5157,u68,D16,1636107727
5158,u34,D31,1636107747
5159,u19,D16,1636107748
5160,u40,D26,1636107762
5161,u12,D33,1636107766
5162,u75,DD7,1636107770
5163,u56,DD2,1636107780
5164,u95,D34,1636107809
5165,uu1,D17,1636107819
5166,u74,D15,1636107841
5167,u31,D22,1636107850
5168,u19,D10,1636107857
5169,u24,D30,1636107879
5170,u27,DD3,1636107901
5171,uu7,D11,1636107916
5172,u65,D26,1636107936
5173,u93,D10,1636107958
5174,u79,D15,1636107982
5175,u62,D11,1636107987
5176,uu4,D20,1636107999
5177,u65,D32,1636108015
5178,u52,D31,1636108021
5179,u23,D25,1636108028
5180,u58,D29,1636108057
5181,u84,DD6,1636108075
5182,uu8,D29,1636108086
5183,u23,D24,1636108109
5184,u84,D28,1636108117
5185,u42,D30,1636108139
5186,u89,D12,1636108146
5187,u77,DD6,1636108152
5188,u41,DD7,1636108171
5189,u33,D18,1636108184
5190,u60,D28,1636108187
5191,u51,D14,1636108208
5192,u67,D19,1636108219
5193,u87,DD3,1636108220
5194,uu1,D17,1636108225
5195,u96,DD5,1636108230
5196,uu7,D14,1636108234
5197,u44,D25,1636108263
5198,u29,D27,1636108272
5199,u66,DD3,1636108278
5200,u59,D17,1636108301
5201,u67,DD3,1636108328
5202,u91,D11,1636108337
5203,uu5,D13,1636108360
5204,u45,D32,1636108378
5205,u42,D27,1636108386
5206,u32,D12,1636108395
5207,u40,DD9,1636108403
5208,u27,D13,1636108425
5209,u38,D15,1636108448
5210,u86,DD7,1636108462
5211,u69,DD3,1636108481
5212,uu8,DD1,1636108495
5213,u75,D23,1636108514
5214,u47,D14,1636108521
5215,u57,D15,1636108544
5216,u79,D33,1636108564
5217,u36,D14,1636108587
5218,u44,DD4,1636108608
5219,u43,DD2,1636108628
5220,u86,D16,1636108650
5221,u38,D11,1636108669
5222,u49,D32,1636108693
5223,u94,DD2,1636108717
5224,u78,D23,1636108733
5225,u71,D34,1636108759
5226,u22,DD2,1636108763
5227,u18,DD5,1636108784
5228,u25,D17,1636108813
5229,u82,D24,1636108832
5230,u31,D23,1636108840
5231,u22,D24,1636108860
5232,uu4,DD4,1636108889
5233,u97,DD9,1636108899
5234,u24,DD9,1636108901
5235,u25,D21,1636108915
5236,u67,D28,1636108937
5237,u14,D21,1636108946
5238,u61,D27,1636108957
5239,u30,DD6,1636108969
5240,u81,D18,1636108986
5241,u53,D23,1636109015
5242,u79,D34,1636109037
5243,u69,D31,1636109063
5244,u34,D22,1636109090
5245,u66,D13,1636109097
5246,u16,DD4,1636109120
5247,u84,D25,1636109131
5248,u85,D21,1636109150
5249,u95,D27,1636109153
5250,u26,D30,1636109156
5251,u97,D14,1636109169
5252,u63,D31,1636109183
5253,u89,D10,1636109185
5254,u19,D26,1636109212
5255,u25,D12,1636109221
5256,u34,DD9,1636109245
5257,u11,DD5,1636109274
5258,uu9,D30,1636109292
5259,u19,D17,1636109304
5260,u77,D18,1636109322
5261,u40,D30,1636109343
5262,u98,D22,1636109357
5263,u93,DD3,1636109361
5264,u73,D24,1636109367
5265,u88,DD3,1636109384
5266,u28,DD9,1636109407
5267,u98,D25,1636109419
5268,u93,DD6,1636109434
5269,u25,D27,1636109458
5270,u62,D18,1636109474
5271,u96,DD4,1636109484
5272,u23,D25,1636109493
5273,u15,DD9,1636109522
5274,u42,D12,1636109528
5275,u83,D18,1636109539
5276,u10,D30,1636109555
5277,u72,D31,1636109577
5278,u96,DD8,1636109604
5279,u59,D24,1636109607
5280,u61,DD1,1636109625
5281,u82,D19,1636109644
5282,u97,DD9,1636109668
5283,u40,D19,1636109696
5284,u35,D19,1636109697
5285,u89,D29,1636109709
5286,uu5,DD5,1636109714
5287,u37,DD9,1636109739
5288,u34,DD8,1636109749
5289,u56,D19,1636109765
5290,u96,D21,1636109769
5291,u14,D27,1636109793
5292,u48,D29,1636109800
5293,u75,D17,1636109801
5294,u57,D10,1636109818
5295,u72,D16,1636109834
5296,u49,D15,1636109856
5297,u20,D29,1636109884
5298,u56,D23,1636109909
5299,u41,D31,1636109934
5300,u65,DD5,1636109944
5301,u29,DD9,1636109949
5302,u59,D15,1636109978
5303,u22,D31,1636110007
5304,u23,DD8,1636110030
5305,u86,D26,1636110037
5306,u43,D32,1636110055
5307,u66,DD2,1636110067
5308,u90,D33,1636110077
5309,u94,D31,1636110096
5310,u43,D13,1636110123
5311,u23,DD9,1636110139
5312,u40,D12,1636110163
5313,u43,DD1,1636110192
5314,uu6,D34,1636110203
5315,u14,D13,1636110208
5316,u15,D22,1636110217
5317,u91,D28,1636110236
5318,u28,D17,1636110249
5319,u28,D33,1636110272
5320,u64,D22,1636110281
5321,u91,D12,1636110308
5322,uu5,D31,1636110329
5323,u90,DD9,1636110357
5324,u16,D19,1636110375
5325,u77,D28,1636110394
5326,u33,DD2,1636110413
5327,u72,DD2,1636110427
5328,u10,D31,1636110430
5329,u74,D22,1636110442
5330,u79,DD7,1636110453
5331,u53,D21,1636110459
5332,u48,D29,1636110464
5333,u78,DD2,1636110478
5334,u42,D19,1636110493
5335,u74,D14,1636110522
5336,u68,D31,1636110531
5337,u63,D33,1636110560
5338,u87,D12,1636110561
5339,u19,DD9,1636110584
5340,u33,D25,1636110610
5341,u61,DD1,1636110623
5342,u34,DD8,1636110639
5343,u78,DD6,1636110663
5344,u28,D15,1636110673
5345,uu2,DD3,1636110676
5346,u59,D18,1636110680
5347,u11,D11,1636110683
5348,u70,D19,1636110690
5349,u46,DD1,1636110714
5350,u16,D16,1636110721
5351,u34,D18,1636110738
5352,u65,D26,1636110758
5353,u38,D24,1636110777
5354,u99,D12,1636110779
5355,u51,D34,1636110789
5356,u95,D22,1636110814
5357,u28,D10,1636110831
5358,u58,D14,1636110841
5359,u39,DD1,1636110849
5360,u60,D25,1636110858
5361,u95,D34,1636110871
5362,u45,D12,1636110880
5363,u77,D15,1636110907
5364,u10,D28,1636110935
5365,u16,D15,1636110955
5366,u31,DD5,1636110967
5367,u49,DD6,1636110984
5368,uu2,D17,1636110991
5369,u85,D19,1636111015
5370,u46,DD4,1636111043
5371,u23,D27,1636111071
5372,u79,D25,1636111077
5373,u63,DD4,1636111105
5374,u90,D18,1636111114
5375,u46,D32,1636111128
5376,u25,D19,1636111154
5377,u84,DD2,1636111157
5378,uu5,D17,1636111174
5379,u34,D25,1636111201
5380,u93,D34,1636111217
5381,u76,D33,1636111230
5382,u30,D27,1636111254
5383,u84,D29,1636111281
5384,u42,D30,1636111290
5385,u60,DD8,1636111316
5386,u40,D15,1636111325
5387,u29,DD8,1636111351
5388,u12,DD6,1636111370
5389,u81,D21,1636111375
5390,u82,D10,1636111378
5391,u91,D27,1636111379
5392,u91,D23,1636111380
5393,u20,DD9,1636111390
5394,u70,D33,1636111398
5395,u57,D22,1636111423
5396,u32,D22,1636111437
5397,u16,D24,1636111441
5398,uu6,D17,1636111444
5399,u87,D21,1636111464
5400,u43,DD5,1636111476
5401,u23,DD3,1636111491
5402,u25,D22,1636111494
5403,u28,D18,1636111513
5404,uu6,D11,1636111533
5405,u93,D22,1636111535
5406,u59,D21,1636111562
5407,uu4,D33,1636111577
5408,u45,DD7,1636111605
5409,u81,D34,1636111611
5410,u57,DD8,1636111626
5411,u78,D21,1636111650
5412,u74,DD8,1636111663
5413,u20,DD6,1636111682
5414,u14,DD8,1636111711
5415,u96,D22,1636111719
5416,uu2,D23,1636111726
5417,u28,DD2,1636111750
5418,u81,D19,1636111775
5419,u43,D11,1636111799
5420,uu8,D26,1636111804
5421,u78,DD1,1636111811
5422,u60,D18,1636111839
5423,u64,D20,1636111867
5424,u93,D21,1636111896
5425,u97,D10,1636111918
5426,u12,D26,1636111929
5427,u95,D12,1636111951
5428,uu7,DD7,1636111979
5429,u72,DD5,1636111994
5430,u10,D17,1636112021
5431,u35,DD6,1636112034
5432,u25,D19,1636112059
5433,u68,D18,1636112068
5434,u42,DD9,1636112088
5435,u91,DD8,1636112096
5436,u39,DD5,1636112116
5437,u79,D14,1636112140
5438,uu5,DD4,1636112144
5439,u59,DD3,1636112152
5440,u46,D12,1636112179
5441,u17,D16,1636112203
5442,u92,D21,1636112232
5443,u27,D29,1636112241
5444,u59,D13,1636112253
5445,u94,D17,1636112277
5446,u18,D23,1636112283
5447,u86,D30,1636112299
5448,u85,DD2,1636112327
5449,u97,DD1,1636112353
5450,u40,D25,1636112378
5451,u52,D34,1636112407
5452,uu5,D34,1636112427
5453,u30,D17,1636112432
5454,u16,D15,1636112442
5455,u46,D26,1636112470
5456,u64,D12,1636112472
5457,u90,D29,1636112481
5458,u29,D34,1636112503
5459,u90,D12,1636112519
5460,uu5,D16,1636112521
5461,u70,D24,1636112527
5462,u30,DD4,1636112537
5463,u51,D31,1636112555
5464,u70,DD7,1636112582
5465,u55,DD2,1636112594
5466,u11,D14,1636112603
5467,u70,D15,1636112618
5468,u99,DD1,1636112629
5469,u53,D24,1636112650
5470,u19,D10,1636112660
5471,u23,DD8,1636112678
5472,u71,D27,1636112698
5473,u79,DD5,1636112705
5474,u80,D14,1636112730
5475,u43,D33,1636112733
5476,u83,D20,1636112736
5477,u52,D27,1636112759
5478,u73,D24,1636112770
5479,u40,D27,1636112778
5480,u64,D28,1636112803
5481,u41,D28,1636112827
5482,u20,D13,1636112842
5483,u23,DD5,1636112856
5484,u96,D12,1636112866
5485,u20,DD6,1636112895
5486,uu4,D21,1636112917
5487,u73,D27,1636112935
5488,u32,D10,1636112953
5489,u92,D13,1636112981
5490,u39,D20,1636112986
5491,u23,D30,1636113013
5492,u49,DD9,1636113041
5493,u81,D24,1636113044
5494,u56,D13,1636113056
5495,u72,D24,1636113063
5496,u35,D17,1636113089
5497,u37,D26,1636113097
5498,u23,D22,1636113118
5499,u49,D12,1636113137
5500,u19,D28,1636113163
5501,u55,D11,1636113175
5502,u82,D21,1636113186
5503,u51,D18,1636113207
5504,u62,D30,1636113234
5505,u59,D11,1636113244
5506,u83,DD8,1636113259
5507,uu6,D16,1636113284
5508,u22,D23,1636113304
5509,u77,D15,1636113307
5510,u16,DD1,1636113329
5511,u96,D28,1636113353
5512,u90,D16,1636113359
5513,u50,D24,1636113384
5514,u85,D28,1636113402
5515,u98,D27,1636113408
5516,u89,D18,1636113418
5517,uu1,D23,1636113427
5518,uu1,D12,1636113450
5519,u18,D22,1636113468
5520,uu1,D20,1636113493
5521,u46,D14,1636113502
5522,u64,DD4,1636113519
5523,u35,DD2,1636113535
5524,u37,DD5,1636113563
5525,u65,DD7,1636113569
5526,u84,D23,1636113571
5527,u28,DD9,1636113588
5528,u75,DD4,1636113594
5529,u23,D26,1636113617
5530,u17,D16,1636113624
5531,u35,DD7,1636113631
5532,u31,D25,1636113638
5533,u25,D31,1636113665
5534,u27,D32,1636113687
5535,u70,DD1,1636113708
5536,u64,D29,1636113731
5537,u69,D27,1636113749
5538,u66,DD1,1636113772
5539,u69,D23,1636113794
5540,u11,D29,1636113804
5541,u23,D16,1636113828
5542,u18,D14,1636113831
5543,u54,D28,1636113839
5544,u54,D32,1636113841
5545,u56,D12,1636113869
5546,u97,D31,1636113897
5547,u29,DD5,1636113922
5548,u83,DD7,1636113948
5549,u28,D26,1636113968
5550,u93,D13,1636113969
5551,uu8,D25,1636113979
5552,u95,D25,1636113997
5553,u80,D26,1636114010
5554,uu3,D13,1636114018
5555,u11,DD2,1636114023
5556,u54,D34,1636114047
5557,uu1,DD2,1636114074
5558,u69,D13,1636114097
5559,u82,D17,1636114118
5560,u84,D10,1636114120
5561,u87,DD1,1636114149
5562,u90,D18,1636114166
5563,u66,DD8,1636114175
5564,u21,D22,1636114186
5565,u27,DD1,1636114195
5566,u14,D24,1636114201
5567,uu3,DD3,1636114207
5568,u37,DD7,1636114214
5569,u95,D30,1636114219
5570,u99,D16,1636114227
5571,u75,D29,1636114245
5572,u96,DD1,1636114268
5573,u14,D22,1636114273
5574,u50,D13,1636114290
5575,u67,DD9,1636114308
5576,u75,D23,1636114334
5577,u45,D14,1636114339
5578,u24,D29,1636114357
5579,u82,DD8,1636114366
5580,u68,D14,1636114394
5581,u35,D27,1636114413
5582,u10,D33,1636114434
5583,u30,D11,1636114458
5584,u69,D21,1636114470
5585,uu9,D10,1636114490
5586,u76,D31,1636114518
5587,u51,D19,1636114537
5588,u78,D18,1636114540
5589,uu3,DD5,1636114544
5590,u54,DD1,1636114549
5591,u31,D13,1636114567
5592,u55,D26,1636114569
5593,u56,DD4,1636114593
5594,u98,D15,1636114618
5595,u62,DD2,1636114621
5596,uu9,D32,1636114629
5597,u56,D26,1636114631
5598,uu3,DD1,1636114640
5599,u60,D13,1636114664
5600,u82,D11,1636114686
5601,u25,D12,1636114692
5602,u23,D11,1636114720
5603,u99,D28,1636114722
5604,uu4,DD1,1636114728
5605,u39,D34,1636114733
5606,u24,D23,1636114758
5607,u16,D11,1636114759
5608,u33,D11,1636114764
5609,u90,DD4,1636114775
5610,u54,DD1,1636114794
5611,u32,D33,1636114809
5612,u73,D23,1636114826
5613,u68,DD5,1636114851
5614,u66,DD2,1636114869
5615,u75,D32,1636114880
5616,u18,D24,1636114892
5617,uu3,D14,1636114897
5618,u68,D31,1636114908
5619,u65,D28,1636114922
5620,u38,DD3,1636114947
5621,u34,D18,1636114974
5622,u74,D24,1636114989
5623,u32,D21,1636114999
5624,u75,D15,1636115019
5625,u93,D25,1636115043
5626,u99,DD4,1636115067
5627,u98,D26,1636115085
5628,u53,DD3,1636115110
5629,u44,D29,1636115118
5630,u64,D16,1636115135
5631,u25,D12,1636115162
5632,u92,D12,1636115173
5633,u94,D11,1636115194
5634,u16,D16,1636115215
5635,uu5,D11,1636115241
5636,u41,D27,1636115257
5637,u80,DD9,1636115263
5638,u29,D18,1636115284
5639,u78,DD1,1636115288
5640,u39,D13,1636115297
5641,u21,D11,1636115320
5642,u44,D24,1636115345
5643,u23,D20,1636115369
5644,u25,DD5,1636115378
5645,uu9,D15,1636115379
5646,u11,D22,1636115381
5647,u42,DD6,1636115385
5648,u40,DD6,1636115401
5649,u48,DD5,1636115404
5650,u83,D18,1636115430
5651,u97,DD1,1636115432
5652,u78,DD5,1636115453
5653,uu3,D15,1636115470
5654,u18,D27,1636115477
5655,u42,DD8,1636115505
5656,u69,D31,1636115517
5657,u62,D25,1636115528
5658,u34,DD6,1636115532
5659,u60,D10,1636115554
5660,u97,D31,1636115576
5661,u97,DD6,1636115599
5662,u31,D25,1636115610
5663,u40,DD1,1636115611
5664,u61,D31,1636115631
5665,u42,DD7,1636115637
5666,u98,DD3,1636115646
5667,u21,D12,1636115663
5668,u46,DD2,1636115688
5669,u93,D13,1636115694
5670,u68,D15,1636115697
5671,u56,D16,1636115703
5672,u36,D28,1636115722
5673,u23,DD8,1636115744
5674,u45,DD2,1636115763
5675,u98,D19,1636115766
5676,u47,D28,1636115793
5677,u90,DD7,1636115814
5678,u97,D15,1636115835
5679,u92,D11,1636115862
5680,u60,DD6,1636115887
5681,u38,D33,1636115907
5682,u48,D17,1636115927
5683,u68,D28,1636115941
5684,u46,DD6,1636115948
5685,u23,DD1,1636115958
5686,u39,D22,1636115968
5687,u52,D14,1636115990
5688,uu5,DD7,1636116015
5689,u77,D28,1636116025
5690,u93,D32,1636116027
5691,u81,D22,1636116045
5692,u33,DD4,1636116066
5693,u59,D14,1636116075
5694,u87,D26,1636116104
5695,u87,D16,1636116129
5696,u10,D21,1636116141
5697,u68,DD6,1636116168
5698,u10,D34,1636116176
5699,u16,D33,1636116180
5700,u65,D22,1636116189
5701,u18,D17,1636116207
5702,u63,D32,1636116225
5703,u68,D14,1636116242
5704,u18,D22,1636116258
5705,u99,DD6,1636116271
5706,u23,D17,1636116287
5707,u96,D34,1636116295
5708,u69,D25,1636116304
5709,u51,D19,1636116330
5710,u81,DD2,1636116336
5711,u36,D16,1636116361
5712,u61,D26,1636116382
5713,u39,D16,1636116390
5714,u94,D18,1636116396
5715,u54,DD8,1636116420
5716,u39,DD2,1636116442
5717,u46,D17,1636116471
5718,u65,D22,1636116476
5719,u27,DD1,1636116492
5720,u25,D33,1636116513
5721,u44,D22,1636116527
5722,u36,D30,1636116531
5723,u91,D19,1636116551
5724,uu2,D31,1636116577
5725,uu6,D19,1636116585
5726,uu5,D23,1636116595
5727,u86,DD6,1636116597
5728,u10,DD9,1636116621
5729,u74,D23,1636116638
5730,u70,D13,1636116661
5731,u41,DD4,1636116662
5732,u91,D19,1636116680
5733,u90,DD2,1636116708
5734,u61,D33,1636116730
5735,u75,D29,1636116757
5736,u16,DD2,1636116764
5737,u76,DD1,1636116772
5738,u62,D28,1636116777
5739,u12,D17,1636116778
5740,uu9,DD4,1636116788
5741,u20,D26,1636116811
5742,u71,D25,1636116839
5743,u97,D17,1636116854
5744,u75,D21,1636116879
5745,u15,DD7,1636116893
5746,u16,D32,1636116906
5747,uu8,D31,1636116932
5748,u89,D12,1636116948
5749,u66,D15,1636116964
5750,u31,DD8,1636116981
5751,u15,DD8,1636116983
5752,u32,D24,1636117009
5753,u11,D13,1636117010
5754,u32,DD7,1636117031
5755,u38,D30,1636117047
5756,uu3,D13,1636117055
5757,uu8,D28,1636117064
5758,u30,D17,1636117086
5759,u71,D26,1636117114
5760,u46,DD5,1636117118
5761,u36,D31,1636117144
5762,u10,D12,1636117152
5763,u90,D31,1636117174
5764,u19,D34,1636117203
5765,u92,DD3,1636117205
5766,u20,D11,1636117212
5767,u35,D23,1636117229
5768,u60,D23,1636117230
5769,u84,D21,1636117246
5770,u39,D17,1636117250
5771,u94,D17,1636117270
5772,u48,D15,1636117288
5773,u25,D17,1636117291
5774,u22,D23,1636117314
5775,u65,D16,1636117319
5776,u23,D26,1636117329
5777,u97,DD4,1636117349
5778,u84,DD8,1636117364
5779,u85,DD1,1636117366
5780,u97,D25,1636117371
5781,u25,D14,1636117390
5782,uu9,D34,1636117402
5783,u50,D16,1636117412
5784,u42,D17,1636117416
5785,uu2,DD8,1636117417
5786,u51,D34,1636117427
5787,u71,D26,1636117443
5788,u33,D22,1636117469
5789,u84,D19,1636117482
5790,u42,D19,1636117500
5791,u86,D21,1636117521
5792,u96,D15,1636117527
5793,u64,DD5,1636117552
5794,u92,D28,1636117569
5795,u64,DD1,1636117585
5796,uu3,D27,1636117599
5797,u10,D32,1636117625
5798,u89,D26,1636117629
5799,u75,D33,1636117635
5800,u39,D10,1636117637
5801,u86,DD8,1636117656
5802,u24,DD7,1636117659
5803,u56,D22,1636117670
5804,u80,D21,1636117672
5805,u36,D19,1636117683
5806,u35,D29,1636117700
5807,u26,D32,1636117701
5808,u59,DD1,1636117715
5809,u26,DD2,1636117732
5810,u68,D22,1636117749
5811,u80,DD3,1636117764
5812,u21,D13,1636117779
5813,u50,DD2,1636117803
5814,u38,D33,1636117832
5815,u80,DD2,1636117849
5816,u75,D19,1636117872
5817,u55,D28,1636117881
5818,u85,D13,1636117882
5819,u95,D31,1636117885
5820,u19,D15,1636117901
5821,u20,D17,1636117925
5822,u30,D16,1636117935
5823,u17,D33,1636117939
5824,u80,D24,1636117963
5825,u31,DD2,1636117968
5826,u53,D26,1636117988
5827,u85,D29,1636117993
5828,u67,D32,1636117997
5829,u47,D33,1636118020
5830,u81,D22,1636118036
5831,u57,D26,1636118060
5832,u14,D22,1636118067
5833,u97,D19,1636118092
5834,u44,D25,1636118101
5835,u89,DD6,1636118114
5836,u39,D26,1636118118
5837,u93,DD9,1636118119
5838,u48,D11,1636118123
5839,u34,D22,1636118136
5840,u87,DD1,1636118149
5841,u84,D31,1636118176
5842,u60,DD4,1636118180
5843,uu1,DD3,1636118191
5844,u19,D31,1636118212
5845,u77,D30,1636118229
5846,u73,D16,1636118255
5847,u99,DD7,1636118262
5848,u19,D10,1636118285
5849,u57,D16,1636118294
5850,u96,D25,1636118301
5851,u19,D12,1636118311
5852,u22,DD9,1636118314
5853,uu3,DD3,1636118315
5854,u53,D15,1636118339
5855,u10,D12,1636118360
5856,uu4,DD2,1636118372
5857,u79,D17,1636118382
5858,u32,D26,1636118385
5859,u64,D15,1636118398
5860,u99,DD7,1636118416
5861,u25,DD2,1636118436
5862,u11,D32,1636118459
5863,u20,D24,1636118477
5864,uu4,D20,1636118505
5865,u91,D26,1636118522
5866,u72,D23,1636118536
5867,uu2,D18,1636118559
5868,u94,D10,1636118564
5869,u19,D22,1636118571
5870,u70,D26,1636118585
5871,u15,DD7,1636118587
5872,u24,D34,1636118614
5873,u46,D29,1636118631
5874,u64,D21,1636118648
5875,u63,D13,1636118666
5876,u90,D14,1636118668
5877,u61,D12,1636118677
5878,u33,D29,1636118692
5879,u60,D12,1636118710
5880,u84,D26,1636118716
5881,u32,D32,1636118727
5882,u67,DD7,1636118734
5883,u59,DD2,1636118751
5884,u48,D16,1636118772
5885,uu8,D33,1636118792
5886,u50,D16,1636118807
5887,u63,D20,1636118829
5888,u91,D19,1636118831
5889,u81,D29,1636118856
5890,u84,D19,1636118873
5891,u41,D16,1636118902
5892,u58,D34,1636118921
5893,u39,DD8,1636118946
5894,u81,D18,1636118949
5895,u91,D27,1636118960
5896,u80,DD9,1636118979
5897,u11,D25,1636118990
5898,u64,D33,1636119004
5899,u82,D26,1636119005
5900,u90,D12,1636119026
5901,uu7,DD4,1636119042
5902,u63,D25,1636119054
5903,u97,D15,1636119065
5904,u90,D26,1636119074
5905,u16,D25,1636119095
5906,u75,D11,1636119121
5907,u34,D31,1636119140
5908,u95,D13,1636119168
5909,u85,DD2,1636119178
5910,u59,D16,1636119200
5911,u69,D14,1636119218
5912,u85,D11,1636119224
5913,u32,D34,1636119235
5914,u17,DD7,1636119240
5915,u54,D17,1636119253
5916,u37,D25,1636119256
5917,u99,DD5,1636119261
5918,u28,D10,1636119273
5919,u75,DD9,1636119282
5920,u84,D26,1636119310
5921,uu7,D22,1636119313
5922,u49,D15,1636119341
5923,u70,DD9,1636119367
5924,u90,DD9,1636119383
5925,u84,D12,1636119384
5926,u91,D10,1636119407
5927,u80,D29,1636119423
5928,u11,DD6,1636119435
5929,u75,D26,1636119448
5930,u16,D22,1636119458
5931,u35,D28,1636119469
5932,u11,D18,1636119484
5933,u23,D30,1636119487
5934,u91,D12,1636119502
5935,u91,D26,1636119530
5936,u85,D12,1636119556
5937,u69,D22,1636119577
5938,u64,D28,1636119578
5939,u45,DD2,1636119606
5940,u75,D14,1636119611
5941,u23,DD1,1636119624
5942,u37,DD9,1636119649
5943,u44,D12,1636119670
5944,u31,DD2,1636119699
5945,u12,DD2,1636119723
5946,u22,DD9,1636119727
5947,u25,DD1,1636119747
5948,u50,D27,1636119771
5949,uu5,D31,1636119797
5950,uu8,D33,1636119814
5951,u55,D15,1636119823
5952,u65,D31,1636119834
5953,u51,D27,1636119835
5954,u16,D31,1636119845
5955,u65,D25,1636119858
5956,uu7,DD3,1636119885
5957,u99,DD5,1636119892
5958,u76,D17,1636119896
5959,u86,DD6,1636119911
5960,u94,D19,1636119919
5961,u91,D13,1636119920
5962,u97,D15,1636119947
5963,u12,D34,1636119968
5964,u53,D10,1636119994
5965,u59,DD7,1636120003
5966,u17,D10,1636120031
5967,uu6,DD8,1636120032
5968,u15,D32,1636120057
5969,u31,D19,1636120066
5970,u61,D12,1636120091
5971,uu1,D23,1636120107
5972,u97,D19,1636120121
5973,u17,D22,1636120123
5974,u38,D18,1636120138
5975,u96,D14,1636120165
5976,u51,DD7,1636120183
5977,u85,D34,1636120200
5978,u78,D23,1636120210
5979,u38,D19,1636120232
5980,u21,D32,1636120259
5981,u72,D26,1636120274
5982,u50,DD5,1636120283
5983,u48,DD1,1636120287
5984,u55,D17,1636120303
5985,u36,D17,1636120305
5986,u55,D18,1636120321
5987,u35,DD8,1636120343
5988,u91,D32,1636120355
5989,u67,D30,1636120363
5990,u65,DD6,1636120381
5991,u24,D27,1636120388
5992,u13,D12,1636120412
5993,uu5,DD9,1636120423
5994,u46,D21,1636120426
5995,u72,D34,1636120453
5996,uu3,DD5,1636120459
5997,u92,D25,1636120481
5998,uu8,D23,1636120489
5999,uu4,D21,1636120514
6000,u37,D12,1636120517
6001,u79,D24,1636120544
6002,u82,DD8,1636120567
6003,u35,DD7,1636120588
6004,u23,D21,1636120610
6005,u51,D27,1636120634
6006,u70,DD1,1636120644
6007,u19,D13,1636120664
6008,u85,DD1,1636120671
6009,u14,DD5,1636120689
6010,u91,DD2,1636120712
6011,u61,D30,1636120726
6012,u26,D21,1636120728
6013,u91,D32,1636120737
6014,u22,D24,1636120763
6015,u29,DD1,1636120788
6016,u11,D12,1636120791
6017,u66,D20,1636120804
6018,u13,D17,1636120815
6019,u87,D13,1636120825
6020,u82,D28,1636120844
6021,u72,D33,1636120853
6022,u99,DD9,1636120877
6023,uu4,D15,1636120885
6024,u48,D22,1636120912
6025,u98,D11,1636120918
6026,u93,D26,1636120939
6027,u45,D34,1636120952
6028,u61,D31,1636120972
6029,u65,D14,1636120994
6030,u73,D30,1636121004
6031,u86,DD4,1636121009
6032,u79,D26,1636121012
6033,u86,DD3,1636121020
6034,u79,D12,1636121025
6035,u56,D19,1636121035
6036,u53,D29,1636121036
6037,u92,DD9,1636121051
6038,u72,D10,1636121053
6039,u12,D23,1636121074
6040,uu1,D13,1636121080
6041,u25,D14,1636121104
6042,u38,DD9,1636121118
6043,u32,D16,1636121130
6044,u12,D23,1636121152
6045,u72,D13,1636121172
6046,u99,D26,1636121199
6047,u26,D23,1636121224
6048,u10,D14,1636121253
6049,u76,D21,1636121268
6050,uu8,D28,1636121293
6051,u90,D13,1636121322
6052,u32,D30,1636121325
6053,uu5,D31,1636121330
6054,u86,DD3,1636121336
6055,u39,D17,1636121353
6056,u47,D19,1636121379
6057,u54,D34,1636121393
6058,u35,D10,1636121397
6059,uu1,D32,1636121413
6060,u24,DD6,1636121436
6061,u87,D12,1636121460
6062,uu2,DD4,1636121480
6063,u11,DD7,1636121491
6064,u23,D23,1636121514
6065,u39,DD1,1636121524
6066,u57,D11,1636121552
6067,u25,D34,1636121577
6068,u92,D26,1636121599
6069,u14,DD9,1636121625
6070,u39,D16,1636121637
6071,u98,DD8,1636121639
6072,uu6,D10,1636121645
6073,u66,DD8,1636121649
6074,u89,D31,1636121672
6075,u14,DD5,1636121699
6076,u50,D22,1636121727
6077,u57,DD4,1636121739
6078,u98,D26,1636121758
6079,u38,DD7,1636121763
6080,u86,D33,1636121764
6081,uu8,D33,1636121766
6082,uu5,D27,1636121771
6083,u79,D24,1636121789
6084,u41,D23,1636121807
6085,u50,DD8,1636121836
6086,u36,D30,1636121854
6087,u81,D13,1636121874
6088,u34,D19,1636121903
6089,u31,D13,1636121919
6090,uu3,D23,1636121932
6091,u84,DD9,1636121936
6092,u71,D20,1636121960
6093,u95,D11,1636121969
6094,uu9,D32,1636121987
6095,u76,DD2,1636122010
6096,u33,DD4,1636122013
6097,u70,D25,1636122031
6098,u71,D17,1636122043
6099,u61,D22,1636122066
6100,u19,D23,1636122070
6101,u86,D19,1636122079
6102,u35,D29,1636122086
6103,u75,DD3,1636122089
6104,u54,DD2,1636122093
6105,u87,D14,1636122098
6106,uu6,D22,1636122126
6107,u93,D12,1636122144
6108,u27,DD8,1636122153
6109,u82,D34,1636122180
6110,u77,D32,1636122200
6111,u12,DD5,1636122203
6112,u26,D11,1636122213
6113,uu4,D19,1636122231
6114,u16,D30,1636122257
6115,u14,D16,1636122273
6116,u66,DD1,1636122296
6117,uu4,DD9,1636122319
6118,uu2,D19,1636122335
6119,u20,DD8,1636122345
6120,u13,D32,1636122356
6121,u41,DD6,1636122357
6122,uu9,D34,1636122362
6123,uu3,DD5,1636122378
6124,u70,D31,1636122395
6125,u98,D15,1636122410
6126,u58,DD9,1636122435
6127,u24,DD8,1636122446
6128,u44,D11,1636122462
6129,u38,D10,1636122469
6130,u37,D25,1636122482
6131,u77,D29,1636122500
6132,u76,D19,1636122522
6133,u13,D30,1636122544
6134,u94,DD7,1636122545
6135,u68,D25,1636122565
6136,u35,D25,1636122586
6137,u13,D18,1636122591
6138,u43,DD9,1636122604
6139,u14,D33,1636122607
6140,uu5,D15,1636122633
6141,uu9,DD3,1636122645
6142,u74,D13,1636122666
6143,u71,D30,1636122681
6144,u25,D10,1636122707
6145,u39,DD3,1636122717
6146,u93,D18,1636122732
6147,u49,D19,1636122736
6148,u21,DD7,1636122748
6149,u42,D19,1636122755
6150,u35,D23,1636122775
6151,u37,D14,1636122785
6152,u71,D29,1636122797
6153,u40,D23,1636122807
6154,u26,D22,1636122809
6155,uu3,D29,1636122818
6156,u97,DD6,1636122824
6157,uu2,D15,1636122847
6158,u86,D12,1636122865
6159,u67,D25,1636122889
6160,u50,D17,1636122898
6161,u68,D15,1636122901
6162,u52,D31,1636122916
6163,uu1,D24,1636122926
6164,u12,D30,1636122951
6165,u59,D12,1636122955
6166,u27,D21,1636122969
6167,u33,DD9,1636122982
6168,u10,D21,1636122991
6169,u43,D10,1636122994
6170,uu3,D25,1636123008
6171,u88,DD9,1636123036
6172,u88,D12,1636123037
6173,u49,D27,1636123041
6174,uu1,DD9,1636123044
6175,u94,D17,1636123055
6176,u10,D21,1636123063
6177,u18,D31,1636123070
6178,u39,D27,1636123075
6179,u89,D16,1636123101
6180,u25,D14,1636123119
6181,u36,D14,1636123132
6182,uu6,D15,1636123148
6183,u52,D26,1636123176
6184,u20,D33,1636123193
6185,u40,D34,1636123218
6186,u75,DD2,1636123242
6187,u21,D26,1636123248
6188,u50,D24,1636123264
6189,u26,D21,1636123273
6190,u94,D34,1636123275
6191,u55,D31,1636123300
6192,u45,DD7,1636123303
6193,u19,DD4,1636123304
6194,u12,D28,1636123324
6195,u71,DD4,1636123342
6196,u52,D11,1636123365
6197,u32,D16,1636123379
6198,u63,D25,1636123399
6199,u41,D21,1636123414
6200,u40,D26,1636123435
6201,u95,D18,1636123459
6202,u41,D25,1636123485
6203,uu1,D24,1636123494
6204,u94,D31,1636123505
6205,u14,D17,1636123518
6206,u40,D13,1636123526
6207,u91,D27,1636123549
6208,u72,D27,1636123569
6209,u73,D33,1636123590
6210,uu2,D34,1636123609
6211,u75,DD2,1636123616
6212,u59,D30,1636123629
6213,u36,D13,1636123632
6214,u73,D15,1636123636
6215,u88,D22,1636123660
6216,u19,D22,1636123682
6217,u23,DD1,1636123705
6218,u30,D20,1636123719
6219,u58,D27,1636123729
6220,u20,D10,1636123748
6221,u96,D18,1636123757
6222,u10,D20,1636123780
6223,u41,D16,1636123800
6224,u84,D29,1636123811
6225,uu1,D13,1636123816
6226,u16,D11,1636123825
6227,u21,D21,1636123840
6228,uu3,D17,1636123849
6229,u46,D30,1636123851
6230,u97,D10,1636123857
6231,u80,D25,1636123858
6232,u93,D17,1636123885
6233,u62,D24,1636123914
6234,u29,DD6,1636123926
6235,u72,D14,1636123930
6236,u60,D21,1636123942
6237,u67,D27,1636123971
6238,u96,DD4,1636123994
6239,u45,D23,1636124018
6240,uu8,DD4,1636124026
6241,u42,D22,1636124045
6242,u89,D23,1636124071
6243,u28,D11,1636124095
6244,u20,DD2,1636124100
6245,uu4,DD2,1636124113
6246,u66,D28,1636124120
6247,u89,D27,1636124122
6248,u64,D12,1636124143
6249,uu8,D24,1636124144
6250,u45,D23,1636124162
6251,u31,D14,1636124183
6252,u23,DD7,1636124205
6253,u94,D20,1636124212
6254,u85,D33,1636124218
6255,u38,DD7,1636124236
6256,u63,D29,1636124256
6257,u29,D27,1636124265
6258,u23,D24,1636124276
6259,u44,D13,1636124302
6260,u39,D32,1636124331
6261,u10,D29,1636124359
6262,uu7,D14,1636124388
6263,u10,D16,1636124415
6264,u49,D32,1636124426
6265,u35,D16,1636124438
6266,u64,D12,1636124465
6267,u50,DD3,1636124466
6268,uu6,DD3,1636124494
6269,u73,D21,1636124522
6270,u50,D22,1636124534
6271,u40,D22,1636124542
6272,u79,D15,1636124559
6273,u29,D14,1636124571
6274,uu5,DD6,1636124589
6275,u15,D20,1636124609
6276,u29,D31,1636124629
6277,u13,D17,1636124631
6278,u87,D11,1636124653
6279,u73,D33,1636124668
6280,u82,D15,1636124691
6281,u90,D30,1636124705
6282,u87,D20,1636124706
6283,u25,DD9,1636124714
6284,u95,DD8,1636124727
6285,u45,D28,1636124749
6286,u79,D29,1636124772
6287,uu5,D22,1636124792
6288,u23,DD6,1636124796
6289,u29,D27,1636124820
6290,u43,D31,1636124823
6291,u54,D13,1636124841
6292,u16,D16,1636124862
6293,u12,D34,1636124863
6294,u96,D10,1636124870
6295,u82,D27,1636124897
6296,u28,DD4,1636124903
6297,u21,DD5,1636124910
6298,u35,D17,1636124928
6299,u60,D32,1636124935
6300,u95,DD2,1636124949
6301,u88,D24,1636124957
6302,u28,DD1,1636124970
6303,u94,D34,1636124990
6304,u14,D20,1636124995
6305,u82,D23,1636125021
6306,u39,D23,1636125042
6307,u48,DD2,1636125070
6308,u50,D26,1636125090
6309,u61,DD9,1636125096
6310,u22,DD4,1636125124
6311,u82,D23,1636125143
6312,u89,D30,1636125158
6313,uu3,D17,1636125166
6314,u54,D17,1636125181
6315,u25,D25,1636125182
6316,u57,D22,1636125205
6317,uu1,D23,1636125233
6318,u65,D23,1636125261
6319,u62,D19,1636125267
6320,u92,DD3,1636125276
6321,uu3,D15,1636125292
6322,u83,D30,1636125300
6323,u98,DD1,1636125301
6324,u88,D31,1636125304
6325,u22,D29,1636125308
6326,uu4,DD1,1636125317
6327,u88,D25,1636125339
6328,u24,D22,1636125353
6329,u86,D31,1636125378
6330,u78,D17,1636125407
6331,u76,D26,1636125408
6332,u65,D33,1636125415
6333,u66,D28,1636125429
6334,u80,DD7,1636125450
6335,u83,D19,1636125479
6336,u44,D15,1636125489
6337,u34,DD7,1636125502
6338,u19,D20,1636125522
6339,u35,D27,1636125539
6340,u21,DD8,1636125566
6341,uu3,D27,1636125590
6342,u67,DD2,1636125603
6343,u97,D17,1636125607
6344,u31,DD5,1636125629
6345,uu8,D14,1636125653
6346,u80,D26,1636125664
6347,uu4,D14,1636125683
6348,u93,D27,1636125686
6349,u79,D29,1636125704
6350,u63,D17,1636125715
6351,u37,D13,1636125736
6352,uu4,D11,1636125760
6353,u88,D11,1636125784
6354,u50,DD5,1636125791
6355,u11,D14,1636125817
6356,u58,DD9,1636125838
6357,u53,D33,1636125856
6358,u25,D31,1636125861
6359,u87,D22,1636125876
6360,u23,D25,1636125895
6361,u93,D16,1636125918
6362,u36,DD8,1636125927
6363,u37,DD4,1636125935
6364,u96,D22,1636125944
6365,u57,DD5,1636125956
6366,u82,DD1,1636125976
6367,u75,D25,1636125979
6368,u85,D32,1636125995
6369,u93,D16,1636126012
6370,u92,D28,1636126029
6371,u11,D32,1636126042
6372,u30,D13,1636126067
6373,u49,DD5,1636126069
6374,u40,D29,1636126079
6375,u87,D14,1636126086
6376,u80,D22,1636126100
6377,u58,D27,1636126105
6378,u70,DD3,1636126110
6379,u57,D28,1636126117
6380,u25,D23,1636126140
6381,u13,D11,1636126145
6382,u23,D28,1636126173
6383,u38,D27,1636126177
6384,u31,DD8,1636126188
6385,u33,D10,1636126215
6386,u73,D23,1636126227
6387,u11,DD9,1636126247
6388,u55,D16,1636126273
6389,u68,D15,1636126295
6390,u38,D12,1636126319
6391,u91,D14,1636126341
6392,u55,D27,1636126364
6393,u65,D24,1636126383
6394,u35,D34,1636126397
6395,u90,D21,1636126419
6396,uu9,D21,1636126422
6397,u63,D19,1636126442
6398,u65,D31,1636126461
6399,u28,DD1,1636126473
6400,u19,D18,1636126475
6401,u76,D33,1636126484
6402,u81,DD2,1636126505
6403,u10,D20,1636126511
6404,u99,D14,1636126534
6405,u91,DD1,1636126546
6406,u56,D31,1636126548
6407,u99,D10,1636126559
6408,u60,DD3,1636126581
6409,u57,D27,1636126610
6410,uu5,DD9,1636126618
6411,u17,D22,1636126628
6412,u99,D26,1636126631
6413,u27,DD9,1636126649
6414,u45,DD8,1636126666
6415,u19,D24,1636126667
6416,u74,DD2,1636126688
6417,u24,D27,1636126713
6418,u40,D17,1636126724
6419,u20,D11,1636126727
6420,u55,D26,1636126741
6421,u35,D12,1636126756
6422,u27,D27,1636126772
6423,u26,D18,1636126801
6424,u50,D21,1636126814
6425,u13,D20,1636126840
6426,u44,D17,1636126854
6427,u65,D30,1636126861
6428,u75,DD4,1636126889
6429,u20,DD3,1636126903
6430,u37,D20,1636126914
6431,u72,D19,1636126928
6432,u76,D20,1636126945
6433,u71,DD6,1636126948
6434,u47,D16,1636126950
6435,u70,D24,1636126959
6436,uu3,D31,1636126963
6437,uu7,D31,1636126970
6438,u62,D34,1636126986
6439,u27,D28,1636126995
6440,u88,DD5,1636126998
6441,u22,D13,1636127011
6442,u99,D20,1636127034
6443,u63,D33,1636127053
6444,u64,DD7,1636127064
6445,u14,DD4,1636127079
6446,uu6,D32,1636127107
6447,u51,DD8,1636127112
6448,u70,D32,1636127118
6449,u63,D34,1636127130
6450,u81,DD3,1636127159
6451,uu6,D27,1636127179
6452,uu4,D22,1636127191
6453,u50,D12,1636127212
6454,u55,D26,1636127241
6455,u53,D34,1636127253
6456,u44,D22,1636127279
6457,u68,D16,1636127289
6458,u14,DD2,1636127303
6459,u94,D34,1636127304
6460,u29,D17,1636127317
6461,u66,D14,1636127335
6462,u76,DD9,1636127350
6463,uu3,D34,1636127358
6464,u78,D28,1636127360
6465,u80,D33,1636127382
6466,u80,D13,1636127408
6467,u44,D28,1636127421
6468,u23,DD5,1636127434
6469,u95,D14,1636127445
6470,u25,D18,1636127447
6471,u56,D15,1636127474
6472,u45,D22,1636127484
6473,u17,D20,1636127485
6474,u43,D11,1636127512
6475,u46,DD7,1636127532
6476,u96,D32,1636127545
6477,u53,D11,1636127573
6478,u72,DD4,1636127583
6479,u50,D19,1636127588
6480,u74,D33,1636127589
6481,uu9,D27,1636127598
6482,u70,D33,1636127610
6483,u54,D18,1636127632
6484,u12,D34,1636127652
6485,u81,DD4,1636127664
6486,u15,DD9,1636127667
6487,u26,D18,1636127690
6488,u47,D22,1636127716
6489,u94,D20,1636127743
6490,u24,D10,1636127769
6491,u48,D25,1636127795
6492,u79,D32,1636127807
6493,u18,DD3,1636127811
6494,u89,DD4,1636127840
6495,u71,D32,1636127855
6496,u58,D23,1636127872
6497,u89,D17,1636127885
6498,u19,D12,1636127902
6499,uu3,D34,1636127927
6500,uu8,D11,1636127948
6501,u73,D34,1636127956
6502,u96,D14,1636127977
6503,u96,D13,1636127984
6504,u15,D31,1636128005
6505,u96,D18,1636128010
6506,u72,D17,1636128030
6507,u56,D13,1636128036
6508,u48,DD8,1636128060
6509,uu6,D27,1636128083
6510,u42,D33,1636128111
6511,u67,D12,1636128112
6512,u60,DD3,1636128116
6513,uu6,D30,1636128117
6514,u73,D26,1636128143
6515,u64,D20,1636128156
6516,u58,D28,1636128174
6517,u14,D20,1636128180
6518,u81,D17,1636128194
6519,u31,D27,1636128222
6520,u90,D22,1636128249
6521,u59,DD3,1636128266
6522,u83,DD7,1636128282
6523,u22,DD6,1636128301
6524,u66,D13,1636128306
6525,u80,D25,1636128317
6526,u66,D27,1636128333
6527,u53,D29,1636128352
6528,u73,DD2,1636128358
6529,u75,D27,1636128364
6530,u65,D14,1636128373
6531,u34,D26,1636128377
6532,u14,DD3,1636128380
6533,u50,DD5,1636128382
6534,u12,D13,1636128392
6535,u48,DD9,1636128399
6536,u54,D19,1636128427
6537,u55,D12,1636128452
6538,uu1,D21,1636128480
6539,u26,D13,1636128481
6540,u63,DD7,1636128486
6541,u87,D19,1636128492
6542,u94,DD9,1636128505
6543,u86,DD7,1636128518
6544,u54,D29,1636128532
6545,u11,DD4,1636128549
6546,u44,DD3,1636128559
6547,u58,D30,1636128583
6548,u82,DD1,1636128602
6549,uu8,D30,1636128607
6550,u50,D23,1636128612
6551,u41,D31,1636128631
6552,u30,D27,1636128653
6553,u27,DD4,1636128681
6554,u35,D27,1636128697
6555,u98,D11,1636128701
6556,uu5,D33,1636128708
6557,u75,DD1,1636128710
6558,u27,D19,1636128729
6559,u28,DD8,1636128750
6560,uu2,D25,1636128766
6561,u48,DD6,1636128778
6562,u47,D32,1636128787
6563,uu1,DD1,1636128816
6564,u54,D27,1636128824
6565,u82,D31,1636128839
6566,u81,D33,1636128860
6567,u65,D27,1636128888
6568,u49,D11,1636128907
6569,u39,D34,1636128921
6570,u24,D23,1636128949
6571,u19,D29,1636128974
6572,u26,D15,1636128979
6573,u72,DD4,1636129004
6574,u58,DD5,1636129027
6575,u50,D11,1636129033
6576,u77,D15,1636129060
6577,uu4,D17,1636129073
6578,u18,D27,1636129089
6579,u86,D20,1636129104
6580,u11,DD4,1636129117
6581,u69,D20,1636129133
6582,u98,DD7,1636129135
6583,u23,D18,1636129144
6584,u88,D22,1636129150
6585,u84,D22,1636129155
6586,u84,D12,1636129178
6587,u82,DD8,1636129202
6588,u38,D19,1636129205
6589,u33,D15,1636129228
6590,u54,DD6,1636129251
6591,u53,D19,1636129276
6592,u16,D25,1636129280
6593,u97,D28,1636129297
6594,u25,D14,1636129326
6595,u26,D17,1636129343
6596,u68,D29,1636129364
6597,u94,D26,1636129374
6598,u72,D21,1636129381
6599,u94,D32,1636129408
6600,u74,DD3,1636129418
6601,u47,D29,1636129447
6602,u46,D22,1636129450
6603,u38,D24,1636129461
6604,u93,DD2,1636129470
6605,u22,D12,1636129483
6606,u13,DD4,1636129498
6607,u77,D11,1636129514
6608,u22,DD4,1636129526
6609,u44,D21,1636129531
6610,uu5,D26,1636129537
6611,u95,D19,1636129559
6612,u17,DD3,1636129573
6613,u33,DD7,1636129577
6614,u20,D21,1636129583
6615,u59,DD9,1636129612
6616,u73,DD7,1636129622
6617,u85,D11,1636129636
6618,u55,D28,1636129654
6619,u89,D15,1636129670
6620,u49,DD6,1636129688
6621,u75,D26,1636129711
6622,u93,D10,1636129728
6623,u69,DD9,1636129737
6624,u20,D21,1636129756
6625,u74,D18,1636129760
6626,uu5,DD6,1636129763
6627,u25,D13,1636129788
6628,uu7,DD4,1636129808
6629,u49,D16,1636129826
6630,u64,D13,1636129836
6631,u44,D28,1636129865
6632,u98,D22,1636129874
6633,u16,D18,1636129876
6634,u29,DD5,1636129878
6635,u61,D22,1636129892
6636,u61,D14,1636129893
6637,u53,DD9,1636129910
6638,uu4,DD7,1636129922
6639,uu5,DD8,1636129931
6640,u39,D29,1636129938
6641,u71,DD4,1636129954
6642,u40,D29,1636129977
6643,u98,DD7,1636129982
6644,u75,D17,1636129988
6645,u46,D16,1636130000
6646,uu8,D33,1636130029
6647,u14,DD1,1636130039
6648,u38,D30,1636130044
6649,u46,D29,1636130063
6650,u82,D18,1636130073
6651,u80,D25,1636130083
6652,u11,D11,1636130101
6653,u78,DD9,1636130102
6654,u62,DD3,1636130124
6655,u29,D24,1636130133
6656,u37,D14,1636130150
6657,u25,D34,1636130160
6658,u59,D25,1636130174
6659,u42,DD8,1636130200
6660,u68,DD6,1636130215
6661,u84,D11,1636130240
6662,u86,D23,1636130241
6663,u77,D27,1636130270
6664,u13,DD8,1636130294
6665,u49,D24,1636130312
6666,u58,D29,1636130314
6667,u52,D26,1636130330
6668,u87,DD3,1636130336
6669,u97,D26,1636130357
6670,u98,D25,1636130370
6671,u77,DD7,1636130374
6672,u93,D29,1636130403
6673,u59,D16,1636130426
6674,u59,D17,1636130443
6675,u61,DD3,1636130449
6676,u91,D22,1636130472
6677,u34,DD6,1636130498
6678,u66,DD2,1636130506
6679,u91,D18,1636130535
6680,u79,DD8,1636130539
6681,u90,D20,1636130562
6682,u26,D33,1636130575
6683,u69,D20,1636130603
6684,u62,DD7,1636130626
6685,u80,D11,1636130636
6686,uu4,DD6,1636130643
6687,u68,D34,1636130658
6688,u19,D21,1636130674
6689,u33,DD4,1636130677
6690,uu5,D32,1636130695
6691,uu8,D27,1636130706
6692,u12,D21,1636130732
6693,u33,D11,1636130745
6694,uu1,DD8,1636130756
6695,u22,D17,1636130769
6696,u80,D22,1636130777
6697,u21,DD1,1636130800
6698,u20,D25,1636130818
6699,u17,D19,1636130827
6700,u87,DD2,1636130855
6701,u64,D26,1636130861
6702,u63,DD3,1636130862
6703,u59,D23,1636130891
6704,u62,DD1,1636130905
6705,u63,D16,1636130920
6706,u71,D25,1636130943
6707,uu6,DD4,1636130957
6708,u95,D25,1636130981
6709,u70,DD7,1636131004
6710,u27,DD5,1636131018
6711,u18,D11,1636131028
6712,u89,D10,1636131034
6713,u38,D32,1636131063
6714,u80,DD2,1636131072
6715,u91,D30,1636131091
6716,u82,D10,1636131114
6717,u71,D13,1636131115
6718,uu5,D30,1636131125
6719,u29,DD8,1636131151
6720,u15,DD7,1636131173
6721,u74,D29,1636131201
6722,u10,D24,1636131203
6723,u88,D21,1636131220
6724,u26,DD7,1636131233
6725,uu5,D19,1636131245
6726,u11,DD1,1636131260
6727,u27,D13,1636131273
6728,u33,D21,1636131279
6729,u85,D11,1636131282
6730,u55,D25,1636131296
6731,u83,DD8,1636131313
6732,u79,DD6,1636131337
6733,uu2,D18,1636131363
6734,u96,DD2,1636131374
6735,u95,DD5,1636131378
6736,uu1,D19,1636131388
6737,u99,DD5,1636131389
6738,u44,D20,1636131418
6739,u60,D27,1636131443
6740,u94,D30,1636131469
6741,u14,D15,1636131474
6742,u26,D32,1636131502
6743,u45,DD2,1636131530
6744,u85,D22,1636131559
6745,u41,D17,1636131568
6746,u37,D32,1636131591
6747,u84,DD4,1636131598
6748,u26,DD2,1636131616
6749,u32,D22,1636131621
6750,u20,DD7,1636131625
6751,u19,D18,1636131628
6752,u63,D13,1636131653
6753,u37,D20,1636131679
6754,u27,D30,1636131685
6755,u83,D34,1636131693
6756,u95,DD3,1636131714
6757,u27,D10,1636131735
6758,u30,D10,1636131738
6759,u99,D28,1636131758
6760,u56,D33,1636131787
6761,u96,DD6,1636131807
6762,u80,D20,1636131835
6763,u33,DD8,1636131842
6764,u92,DD5,1636131852
6765,uu4,D30,1636131863
6766,u88,D16,1636131869
6767,u73,D12,1636131877
6768,u91,D17,1636131878
6769,uu4,D26,1636131898
6770,u26,D14,1636131900
6771,u52,D24,1636131917
6772,u57,D17,1636131931
6773,u84,DD6,1636131949
6774,u99,D31,1636131978
6775,u26,D26,1636131982
6776,u87,DD9,1636131998
6777,uu1,DD8,1636132004
6778,u88,D33,1636132031
6779,u33,DD3,1636132056
6780,u97,D14,1636132059
6781,u71,DD4,1636132081
6782,u75,D19,1636132088
6783,u24,D32,1636132109
6784,u10,DD9,1636132110
6785,uu2,DD2,1636132123
6786,uu6,D25,1636132148
6787,u20,D32,1636132149
6788,u91,DD6,1636132169
6789,uu3,D20,1636132191
6790,u73,DD3,1636132205
6791,u53,DD2,1636132217
6792,u20,D32,1636132220
6793,u81,D17,1636132233
6794,u96,D28,1636132248
6795,u38,D26,1636132268
6796,u69,D10,1636132271
6797,u34,D13,1636132282
6798,u49,D18,1636132298
6799,u43,D26,1636132324
6800,u50,D34,1636132337
6801,u16,D24,1636132350
6802,u43,D20,1636132368
6803,u13,D18,1636132393
6804,uu4,D25,1636132415
6805,u11,D12,1636132442
6806,u12,D11,1636132469
6807,u50,D14,1636132474
6808,u40,D29,1636132485
6809,u15,D32,1636132489
6810,u67,D20,1636132494
6811,u74,D34,1636132517
6812,u68,D15,1636132533
6813,uu7,D14,1636132560
6814,u37,D26,1636132565
6815,u44,D19,1636132590
6816,u85,DD5,1636132605
6817,u58,DD8,1636132621
6818,u34,DD6,1636132635
6819,u29,D27,1636132662
6820,u35,D14,1636132666
6821,u36,D28,1636132683
6822,u93,D19,1636132706
6823,u20,D22,1636132714
6824,u11,D29,1636132719
6825,u21,D17,1636132730
6826,u45,D10,1636132752
6827,u99,DD3,1636132765
6828,u34,D21,1636132788
6829,u38,D30,1636132796
6830,u35,D33,1636132799
6831,u74,D24,1636132802
6832,u87,D17,1636132829
6833,u25,DD5,1636132852
6834,u39,DD4,1636132870
6835,u48,D19,1636132884
6836,u16,D34,1636132890
6837,u79,D32,1636132910
6838,u55,DD3,1636132926
6839,u50,D30,1636132946
6840,u42,D18,1636132961
6841,u76,D16,1636132962
6842,uu8,D32,1636132982
6843,u21,D10,1636133008
6844,u86,D14,1636133033
6845,u73,D12,1636133041
6846,u12,D11,1636133046
6847,u53,DD7,1636133060
6848,u52,D11,1636133083
6849,u77,D30,1636133098
6850,u74,DD9,1636133111
6851,u86,D10,1636133131
6852,u83,D13,1636133142
6853,u94,D15,1636133167
6854,u86,DD4,1636133187
6855,u32,DD4,1636133209
6856,u57,D30,1636133225
6857,u41,D34,1636133226
6858,u70,DD1,1636133242
6859,u84,DD5,1636133256
6860,u76,DD3,1636133282
6861,u60,D13,1636133286
6862,u21,D28,1636133306
6863,u31,D21,1636133333
6864,u69,D18,1636133359
6865,uu8,D17,1636133361
6866,u72,D24,1636133379
6867,u91,D25,1636133400
6868,u28,D15,1636133411
6869,u52,D24,1636133423
6870,u75,D32,1636133452
6871,u90,D31,1636133461
6872,u55,D13,1636133474
6873,u89,D33,1636133479
6874,u20,DD6,1636133492
6875,u93,D28,1636133499
6876,u58,DD8,1636133518
6877,u69,D19,1636133522
6878,u13,D22,1636133539
6879,u76,D19,1636133555
6880,u12,D20,1636133560
6881,u95,D11,1636133575
6882,u65,D11,1636133593
6883,u56,DD3,1636133607
6884,u82,D13,1636133616
6885,u63,DD3,1636133632
6886,uu6,D24,1636133644
6887,u74,D11,1636133653
6888,uu6,D33,1636133681
6889,u37,D28,1636133708
6890,u77,D21,1636133713
6891,u43,D10,1636133725
6892,u73,D17,1636133750
6893,u49,D24,1636133774
6894,u45,DD4,1636133791
6895,u90,DD1,1636133813
6896,u20,DD8,1636133820
6897,u32,DD4,1636133822
6898,u39,D20,1636133835
6899,u58,D17,1636133862
6900,u34,D15,1636133891
6901,u33,DD7,1636133894
6902,u30,D25,1636133910
6903,u56,DD9,1636133927
6904,u71,D29,1636133944
6905,u17,D16,1636133954
6906,uu8,D10,1636133978
6907,u11,DD2,1636134003
6908,u55,D24,1636134022
6909,u71,D16,1636134030
6910,u21,D12,1636134044
6911,u27,D34,1636134070
6912,u84,D26,1636134081
6913,u27,D12,1636134096
6914,u61,D19,1636134115
6915,u73,D32,1636134133
6916,u44,D31,1636134149
6917,u43,D31,1636134175
6918,uu2,D32,1636134194
6919,u39,D11,1636134207
6920,u13,D11,1636134209
6921,u61,D20,1636134213
6922,u52,DD4,1636134220
6923,u23,D23,1636134249
6924,u47,DD6,1636134256
6925,u39,D34,1636134258
6926,u78,D33,1636134287
6927,u58,D20,1636134311
6928,u81,DD3,1636134334
6929,u73,D26,1636134359
6930,u63,DD9,1636134378
6931,u40,D21,1636134398
6932,u33,D17,1636134405
6933,uu3,D16,1636134431
6934,u91,D27,1636134440
6935,u74,DD8,1636134467
6936,u47,D29,1636134469
6937,u12,D29,1636134474
6938,u46,DD1,1636134484
6939,u59,D24,1636134493
6940,u48,D33,1636134500
6941,u72,D19,1636134501
6942,u14,D12,1636134529
6943,u43,D19,1636134540
6944,u21,D31,1636134562
6945,u26,D13,1636134570
6946,u49,D28,1636134598
6947,u73,DD9,1636134627
6948,u20,D17,1636134636
6949,u93,DD8,1636134641
6950,u74,DD4,1636134657
6951,u21,D28,1636134670
6952,u40,D26,1636134678
6953,u91,DD1,1636134696
6954,u21,DD7,1636134716
6955,u41,D26,1636134736
6956,u97,D29,1636134751
6957,u59,D29,1636134780
6958,u99,D22,1636134809
6959,u15,D28,1636134814
6960,u38,D28,1636134821
6961,u77,D20,1636134842
6962,u46,DD4,1636134860
6963,uu3,D30,1636134881
6964,u47,D25,1636134893
6965,u81,D11,1636134905
6966,u12,D18,1636134927
6967,u58,D21,1636134930
6968,u52,D13,1636134955
6969,u54,D32,1636134977
6970,u59,DD6,1636134984
6971,u96,D14,1636135004
6972,u46,DD6,1636135015
6973,u84,DD7,1636135033
6974,u86,D26,1636135060
6975,u93,D34,1636135087
6976,u49,D20,1636135103
6977,u14,D30,1636135122
6978,u93,D19,1636135141
6979,u67,DD9,1636135158
6980,uu1,D16,1636135175
6981,u75,D30,1636135201
6982,u50,DD9,1636135228
6983,u18,DD7,1636135256
6984,u96,DD2,1636135262
6985,u31,D13,1636135268
6986,u95,D18,1636135272
6987,u88,D20,1636135276
6988,u49,DD1,1636135301
6989,u73,D25,1636135325
6990,u76,D29,1636135351
6991,u93,D29,1636135359
6992,u78,D10,1636135375
6993,u52,D27,1636135377
6994,u20,D24,1636135381
6995,u93,DD3,1636135388
6996,u14,D14,1636135415
6997,uu6,DD7,1636135433
6998,u30,D19,1636135453
6999,u23,D13,1636135468
7000,u47,D13,1636135487
7001,u19,DD2,1636135515
7002,u49,D18,1636135523
7003,u66,D31,1636135541
7004,u97,D10,1636135556
7005,u95,D14,1636135584
7006,uu6,D24,1636135595
7007,u72,D21,1636135601
7008,u93,D30,1636135606
7009,u13,DD7,1636135635
7010,u21,DD1,1636135661
7011,u61,D13,1636135690
7012,u39,D30,1636135710
7013,u44,DD4,1636135736
7014,u54,D22,1636135754
7015,u54,D26,1636135779
7016,u70,DD1,1636135803
7017,u32,D34,1636135813
7018,u71,D27,1636135836
7019,u70,D32,1636135863
7020,u80,D29,1636135891
7021,u74,D16,1636135906
7022,u47,D31,1636135935
7023,u19,D22,1636135947
7024,u29,D30,1636135971
7025,u59,D10,1636135988
7026,u70,D21,1636135989
7027,u88,D20,1636136000
7028,u46,DD3,1636136008
7029,u74,DD1,1636136030
7030,u54,D18,1636136045
7031,u76,DD6,1636136057
7032,u52,D29,1636136078
7033,u24,DD6,1636136086
7034,u14,D22,1636136110
7035,u43,D27,1636136118
7036,u61,DD3,1636136124
7037,u24,DD8,1636136137
7038,u58,D21,1636136146
7039,u28,D28,1636136173
7040,u24,D20,1636136194
7041,u22,D26,1636136201
7042,uu3,DD4,1636136209
7043,u87,DD9,1636136229
7044,u59,DD8,1636136252
7045,u72,D20,1636136253
7046,u48,D25,1636136277
7047,u78,D31,1636136306
7048,u25,D11,1636136325
7049,u88,D11,1636136339
7050,u24,DD1,1636136357
7051,u77,D30,1636136362
7052,u54,D26,1636136391
7053,u48,D26,1636136404
7054,u76,D22,1636136417
7055,u25,D17,1636136424
7056,u85,DD4,1636136438
7057,u64,D25,1636136440
7058,u43,D30,1636136463
7059,u41,D10,1636136491
7060,u50,D29,1636136503
7061,u35,D28,1636136523
7062,u41,D19,1636136543
7063,u53,DD2,1636136547
7064,u31,DD6,1636136563
7065,u83,DD1,1636136580
7066,u79,D14,1636136603
7067,u94,D17,1636136627
7068,u26,DD2,1636136643
7069,u50,D12,1636136651
7070,u98,DD4,1636136670
7071,u84,DD9,1636136687
7072,u63,D31,1636136700
7073,uu2,D26,1636136721
7074,u70,D32,1636136730
7075,u21,D18,1636136743
7076,u18,DD7,1636136759
7077,u11,DD7,1636136767
7078,u88,D19,1636136778
7079,u70,DD8,1636136789
7080,u17,D16,1636136807
7081,u13,D23,1636136823
7082,u29,D20,1636136825
7083,u38,D12,1636136834
7084,u90,D21,1636136854
7085,u57,D26,1636136866
7086,u63,D24,1636136891
7087,u26,D14,1636136901
7088,u63,D22,1636136913
7089,uu1,D33,1636136927
7090,u14,D12,1636136939
7091,u55,D23,1636136947
7092,u60,D34,1636136962
7093,u75,D22,1636136977
7094,u20,D20,1636136996
7095,u57,DD3,1636137011
7096,u61,DD8,1636137021
7097,uu4,D33,1636137024
7098,u23,DD4,1636137029
7099,u52,D21,1636137055
7100,uu5,D22,1636137073
7101,uu7,D22,1636137092
7102,u60,DD3,1636137098
7103,u36,D24,1636137109
7104,u63,DD6,1636137119
7105,u21,D33,1636137120
7106,uu8,D13,1636137146
7107,u87,D33,1636137161
7108,u29,DD7,1636137166
7109,u37,D23,1636137186
7110,u28,DD2,1636137188
7111,u38,D28,1636137196
7112,u66,D29,1636137224
7113,u92,D23,1636137233
7114,u82,D15,1636137241
7115,u32,D16,1636137257
7116,u66,D12,1636137276
7117,uu6,D25,1636137303
7118,u91,D30,1636137307
7119,u49,DD8,1636137308
7120,u49,DD6,1636137311
7121,u37,DD4,1636137317
7122,u28,DD9,1636137338
7123,u17,D33,1636137343
7124,u50,D34,1636137358
7125,u27,D30,1636137379
7126,u10,D23,1636137380
7127,u30,DD6,1636137394
7128,u65,D13,1636137407
7129,u91,D11,1636137414
7130,u64,D31,1636137436
7131,u97,D17,1636137452
7132,u84,D17,1636137454
7133,u40,D28,1636137469
7134,uu9,DD9,1636137484
7135,u83,DD9,1636137495
7136,u21,D21,1636137515
7137,u41,D15,1636137528
7138,u44,DD7,1636137549
7139,uu3,D29,1636137561
7140,u81,D19,1636137587
7141,u78,DD6,1636137604
7142,u52,D22,1636137610
7143,u70,D26,1636137622
7144,u77,D23,1636137631
7145,u33,DD8,1636137642
7146,u75,D27,1636137650
7147,u80,D13,1636137660
7148,u51,DD8,1636137682
7149,u28,D12,1636137692
7150,u21,D20,1636137694
7151,u84,D23,1636137715
7152,u79,D29,1636137724
7153,u40,D14,1636137753
7154,u81,DD3,1636137776
7155,u36,D12,1636137789
7156,u20,D16,1636137794
7157,u33,DD2,1636137823
7158,u96,D29,1636137834
7159,u46,D22,1636137846
7160,u92,D10,1636137849
7161,u79,DD7,1636137864
7162,u45,D12,1636137868
7163,u79,D31,1636137879
7164,uu5,D12,1636137887
7165,u94,D27,1636137892
7166,u25,D26,1636137907
7167,u91,D34,1636137911
7168,u14,D27,1636137916
7169,u27,D18,1636137925
7170,u29,DD4,1636137950
7171,u46,D29,1636137961
7172,u57,DD7,1636137967
7173,u23,D21,1636137974
7174,u96,D11,1636137980
7175,u72,DD9,1636138001
7176,u93,D19,1636138008
7177,u96,D12,1636138018
7178,u42,D24,1636138021
7179,u59,D22,1636138031
7180,uu1,DD9,1636138038
7181,u17,D13,1636138054
7182,u77,D12,1636138057
7183,u11,D11,1636138085
7184,u52,D25,1636138102
7185,u55,D32,1636138112
7186,u30,D22,1636138130
7187,u31,D21,1636138150
7188,u78,D23,1636138151
7189,u20,DD6,1636138157
7190,u18,D10,1636138183
7191,u73,D33,1636138188
7192,u73,D20,1636138202
7193,u45,DD3,1636138205
7194,u82,DD7,1636138212
7195,u39,D24,1636138235
7196,u91,D32,1636138255
7197,u65,DD1,1636138275
7198,u53,D26,1636138289
7199,u83,D15,1636138303
7200,u62,DD1,1636138320
